,TFIDF,username
kalau,0.010396961722411134,radenrauf
allah,0.008664134768675944,radenrauf
bule,0.006931307814940756,radenrauf
aamiin,0.006931307814940756,radenrauf
giliran,0.006931307814940756,radenrauf
aku,0.006395348708330668,radenrauf
komitmen,0.005198480861205567,radenrauf
emang,0.005198480861205567,radenrauf
jodoh,0.005198480861205567,radenrauf
lah,0.005198480861205567,radenrauf
jomblo,0.005198480861205567,radenrauf
beneran,0.003465653907470378,radenrauf
janji,0.003465653907470378,radenrauf
berharap,0.003465653907470378,radenrauf
lindungan,0.003465653907470378,radenrauf
dalam,0.003465653907470378,radenrauf
mah,0.003465653907470378,radenrauf
kesepian,0.003465653907470378,radenrauf
jadian,0.003465653907470378,radenrauf
minta,0.003465653907470378,radenrauf
pacaran,0.003465653907470378,radenrauf
bencana,0.003465653907470378,radenrauf
chat,0.003465653907470378,radenrauf
atas,0.003465653907470378,radenrauf
pamer,0.003465653907470378,radenrauf
kemesraan,0.003465653907470378,radenrauf
ko,0.003465653907470378,radenrauf
hujat,0.003465653907470378,radenrauf
dia,0.003465653907470378,radenrauf
malem,0.003465653907470378,radenrauf
tidak,0.003465653907470378,radenrauf
olahraga,0.003465653907470378,radenrauf
special,0.003465653907470378,radenrauf
kapan,0.003465653907470378,radenrauf
dasar,0.003465653907470378,radenrauf
suka,0.003465653907470378,radenrauf
gausah,0.003465653907470378,radenrauf
pikir,0.003465653907470378,radenrauf
susah,0.003465653907470378,radenrauf
marah,0.003465653907470378,radenrauf
maunya,0.003465653907470378,radenrauf
sayang,0.003465653907470378,radenrauf
pendek,0.003465653907470378,radenrauf
lu,0.003465653907470378,radenrauf
pasangan,0.003465653907470378,radenrauf
hidup,0.003465653907470378,radenrauf
belum,0.003465653907470378,radenrauf
malah,0.0025581394833322675,radenrauf
pengen,0.0025581394833322675,radenrauf
gaes,0.0025581394833322675,radenrauf
lagi,0.0025581394833322675,radenrauf
ga,0.0019186046124992006,radenrauf
langsung,0.0019186046124992006,radenrauf
terus,0.0019186046124992006,radenrauf
kalian,0.0019186046124992006,radenrauf
kayak,0.0019186046124992006,radenrauf
takut,0.0019186046124992006,radenrauf
nikah,0.0019186046124992006,radenrauf
orang,0.0019186046124992006,radenrauf
terlihat,0.001732826953735189,radenrauf
caraku,0.001732826953735189,radenrauf
twitter,0.001732826953735189,radenrauf
senin,0.001732826953735189,radenrauf
please,0.001732826953735189,radenrauf
temukan,0.001732826953735189,radenrauf
dimana,0.001732826953735189,radenrauf
\xf0\x9f\x98\x89,0.001732826953735189,radenrauf
kaku,0.001732826953735189,radenrauf
love,0.001732826953735189,radenrauf
dimulai,0.001732826953735189,radenrauf
your,0.001732826953735189,radenrauf
magic,0.001732826953735189,radenrauf
biro,0.001732826953735189,radenrauf
tayangnya,0.001732826953735189,radenrauf
agar,0.001732826953735189,radenrauf
dear,0.001732826953735189,radenrauf
jaman,0.001732826953735189,radenrauf
yee,0.001732826953735189,radenrauf
\xf0\x9f\xa5\xb0\xf0\x9f\xa5\xb0\xf0\x9f\xa5\xb0,0.001732826953735189,radenrauf
semalem,0.001732826953735189,radenrauf
reply,0.001732826953735189,radenrauf
deketin,0.001732826953735189,radenrauf
bosen,0.001732826953735189,radenrauf
kelakuan,0.001732826953735189,radenrauf
tamat,0.001732826953735189,radenrauf
gih,0.001732826953735189,radenrauf
wuih,0.001732826953735189,radenrauf
bilangnya,0.001732826953735189,radenrauf
jatuh,0.001732826953735189,radenrauf
cinta,0.001732826953735189,radenrauf
lemah,0.001732826953735189,radenrauf
cerita,0.001732826953735189,radenrauf
harus,0.001732826953735189,radenrauf
patah,0.001732826953735189,radenrauf
mengakhiri,0.001732826953735189,radenrauf
hati,0.001732826953735189,radenrauf
move,0.001732826953735189,radenrauf
emoticon,0.001732826953735189,radenrauf
selamaaatttt,0.001732826953735189,radenrauf
minggunya,0.001732826953735189,radenrauf
muda,0.001732826953735189,radenrauf
gempa,0.001732826953735189,radenrauf
foto,0.001732826953735189,radenrauf
beban,0.001732826953735189,radenrauf
terkena,0.001732826953735189,radenrauf
youuu,0.001732826953735189,radenrauf
thank,0.001732826953735189,radenrauf
noted,0.001732826953735189,radenrauf
sekedar,0.001732826953735189,radenrauf
apalah,0.001732826953735189,radenrauf
catet,0.001732826953735189,radenrauf
tanpa,0.001732826953735189,radenrauf
bukti,0.001732826953735189,radenrauf
sesibuk,0.001732826953735189,radenrauf
sibuknya,0.001732826953735189,radenrauf
okeh,0.001732826953735189,radenrauf
tetep,0.001732826953735189,radenrauf
fast,0.001732826953735189,radenrauf
respon,0.001732826953735189,radenrauf
bodohnya,0.001732826953735189,radenrauf
ganteng,0.001732826953735189,radenrauf
s21,0.001732826953735189,radenrauf
hehe,0.001732826953735189,radenrauf
mauuuuuu,0.001732826953735189,radenrauf
enteng,0.001732826953735189,radenrauf
menghindar,0.001732826953735189,radenrauf
lindungilah,0.001732826953735189,radenrauf
urusan,0.001732826953735189,radenrauf
segala,0.001732826953735189,radenrauf
saudara,0.001732826953735189,radenrauf
meringankan,0.001732826953735189,radenrauf
caption,0.001732826953735189,radenrauf
penasaran,0.001732826953735189,radenrauf
lucu,0.001732826953735189,radenrauf
menggemaskan,0.001732826953735189,radenrauf
rt,0.001732826953735189,radenrauf
pakein,0.001732826953735189,radenrauf
hestek,0.001732826953735189,radenrauf
lovestory,0.001732826953735189,radenrauf
yaa,0.001732826953735189,radenrauf
good,0.001732826953735189,radenrauf
luck,0.001732826953735189,radenrauf
gua,0.001732826953735189,radenrauf
biasa,0.001732826953735189,radenrauf
kek,0.001732826953735189,radenrauf
futsal,0.001732826953735189,radenrauf
info,0.001732826953735189,radenrauf
senyum,0.001732826953735189,radenrauf
manis,0.001732826953735189,radenrauf
iya,0.001732826953735189,radenrauf
turut,0.001732826953735189,radenrauf
berduka,0.001732826953735189,radenrauf
nonton,0.001732826953735189,radenrauf
sulbar,0.001732826953735189,radenrauf
banjir,0.001732826953735189,radenrauf
kalsel,0.001732826953735189,radenrauf
longsor,0.001732826953735189,radenrauf
sumedang,0.001732826953735189,radenrauf
nyalahin,0.001732826953735189,radenrauf
bener,0.001732826953735189,radenrauf
dimudahkan,0.001732826953735189,radenrauf
bilang,0.001732826953735189,radenrauf
mohon,0.001732826953735189,radenrauf
hujatan,0.001732826953735189,radenrauf
kami,0.001732826953735189,radenrauf
sayangan,0.001732826953735189,radenrauf
minder,0.001732826953735189,radenrauf
lihat,0.001732826953735189,radenrauf
bagaimana,0.001732826953735189,radenrauf
marahin,0.001732826953735189,radenrauf
menjalani,0.001732826953735189,radenrauf
seninmu,0.001732826953735189,radenrauf
bodoamat,0.001732826953735189,radenrauf
permisi,0.001732826953735189,radenrauf
elu,0.001732826953735189,radenrauf
hatiku,0.001732826953735189,radenrauf
izin,0.001732826953735189,radenrauf
bertanya,0.001732826953735189,radenrauf
hilih,0.001732826953735189,radenrauf
bicit,0.001732826953735189,radenrauf
ketemu,0.001732826953735189,radenrauf
divaksin,0.001732826953735189,radenrauf
rese,0.001732826953735189,radenrauf
gamau,0.001732826953735189,radenrauf
sosmed,0.001732826953735189,radenrauf
saling,0.001732826953735189,radenrauf
marahan,0.001732826953735189,radenrauf
melengkung,0.001732826953735189,radenrauf
hubungan,0.001732826953735189,radenrauf
berlebihan,0.001732826953735189,radenrauf
belajarlah,0.001732826953735189,radenrauf
tinggal,0.001732826953735189,radenrauf
dewasa,0.001732826953735189,radenrauf
menemukan,0.001732826953735189,radenrauf
dijaga,0.001732826953735189,radenrauf
gas,0.001732826953735189,radenrauf
tak,0.001732826953735189,radenrauf
cewe,0.001732826953735189,radenrauf
pergi,0.001732826953735189,radenrauf
memutuskan,0.001732826953735189,radenrauf
kau,0.001732826953735189,radenrauf
presiden,0.001732826953735189,radenrauf
galak,0.001732826953735189,radenrauf
yaudah,0.001732826953735189,radenrauf
sedih,0.001732826953735189,radenrauf
saat,0.001732826953735189,radenrauf
terserah,0.001732826953735189,radenrauf
vaksinnya,0.001732826953735189,radenrauf
skip,0.001732826953735189,radenrauf
disayang,0.001732826953735189,radenrauf
kumpul,0.001732826953735189,radenrauf
keluarga,0.001732826953735189,radenrauf
nanya,0.001732826953735189,radenrauf
namanya,0.001732826953735189,radenrauf
pelarian,0.001732826953735189,radenrauf
lambung,0.001732826953735189,radenrauf
idup,0.001732826953735189,radenrauf
lakuin,0.001732826953735189,radenrauf
sensasi,0.001732826953735189,radenrauf
ngerasain,0.001732826953735189,radenrauf
bahagia,0.001732826953735189,radenrauf
dilancarkan,0.001732826953735189,radenrauf
dikit,0.001732826953735189,radenrauf
hambok,0.001732826953735189,radenrauf
bar,0.001732826953735189,radenrauf
selo,0.001732826953735189,radenrauf
podo,0.001732826953735189,radenrauf
waee,0.001732826953735189,radenrauf
penulisan,0.001732826953735189,radenrauf
termasuk,0.001732826953735189,radenrauf
tindakan,0.001732826953735189,radenrauf
berbahaya,0.001732826953735189,radenrauf
cupapimunyanyo,0.001732826953735189,radenrauf
sesekali,0.001732826953735189,radenrauf
umpan,0.001732826953735189,radenrauf
nyari,0.001732826953735189,radenrauf
ngerasa,0.001732826953735189,radenrauf
alright,0.001732826953735189,radenrauf
lulus,0.001732826953735189,radenrauf
maap,0.001732826953735189,radenrauf
sep,0.001732826953735189,radenrauf
aelah,0.001732826953735189,radenrauf
manusia,0.001732826953735189,radenrauf
ah,0.001732826953735189,radenrauf
salah,0.001732826953735189,radenrauf
modus,0.001732826953735189,radenrauf
disangka,0.001732826953735189,radenrauf
diperhatiin,0.001732826953735189,radenrauf
kejelasan,0.001732826953735189,radenrauf
keinginan,0.001732826953735189,radenrauf
menghabiskan,0.001732826953735189,radenrauf
tulus,0.001732826953735189,radenrauf
\xf0\x9f\xa4\xb7\xf0\x9f\x8f\xbb\xe2\x80\x8d\xe2\x99\x82\xef\xb8\x8f\xf0\x9f\x98\x8c,0.001732826953735189,radenrauf
jogja,0.001732826953735189,radenrauf
gampang,0.001732826953735189,radenrauf
hi,0.001732826953735189,radenrauf
are,0.001732826953735189,radenrauf
senengnya,0.001732826953735189,radenrauf
terima,0.001732826953735189,radenrauf
baik,0.0012790697416661338,radenrauf
pak,0.0012790697416661338,radenrauf
siap,0.0012790697416661338,radenrauf
gitu,0.0012790697416661338,radenrauf
karena,0.0012790697416661338,radenrauf
suntik,0.0012790697416661338,radenrauf
hal,0.0012790697416661338,radenrauf
males,0.0012790697416661338,radenrauf
minggu,0.0012790697416661338,radenrauf
maaf,0.0012790697416661338,radenrauf
sekarang,0.0012790697416661338,radenrauf
jarum,0.0012790697416661338,radenrauf
padahal,0.0012790697416661338,radenrauf
jangan,0.0012790697416661338,radenrauf
lupa,0.0012790697416661338,radenrauf
seperti,0.0012790697416661338,radenrauf
nanti,0.0012790697416661338,radenrauf
kan,0.0012790697416661338,radenrauf
film,0.0006395348708330669,radenrauf
rasanya,0.0006395348708330669,radenrauf
\xf0\x9f\x99\x8f\xf0\x9f\x8f\xbb,0.0006395348708330669,radenrauf
semuanya,0.0006395348708330669,radenrauf
saja,0.0006395348708330669,radenrauf
anak,0.0006395348708330669,radenrauf
dong,0.0006395348708330669,radenrauf
lho,0.0006395348708330669,radenrauf
sebuah,0.0006395348708330669,radenrauf
alasan,0.0006395348708330669,radenrauf
2021,0.0006395348708330669,radenrauf
jumat,0.0006395348708330669,radenrauf
dapet,0.0006395348708330669,radenrauf
indonesia,0.0006395348708330669,radenrauf
on,0.0006395348708330669,radenrauf
suruh,0.0006395348708330669,radenrauf
bikin,0.0006395348708330669,radenrauf
you,0.0006395348708330669,radenrauf
masa,0.0006395348708330669,radenrauf
mulai,0.0006395348708330669,radenrauf
pas,0.0006395348708330669,radenrauf
apalagi,0.0006395348708330669,radenrauf
kadang,0.0006395348708330669,radenrauf
butuh,0.0006395348708330669,radenrauf
pacar,0.0006395348708330669,radenrauf
doang,0.0006395348708330669,radenrauf
penting,0.0006395348708330669,radenrauf
kenapa,0.0006395348708330669,radenrauf
jadiin,0.0006395348708330669,radenrauf
ditinggal,0.0006395348708330669,radenrauf
btw,0.0006395348708330669,radenrauf
capek,0.0006395348708330669,radenrauf
cocok,0.0006395348708330669,radenrauf
sebenernya,0.0006395348708330669,radenrauf
sibuk,0.0006395348708330669,radenrauf
hanya,0.0006395348708330669,radenrauf
begitu,0.0006395348708330669,radenrauf
artinya,0.0006395348708330669,radenrauf
do,0.0006395348708330669,radenrauf
story,0.0006395348708330669,radenrauf
kira2,0.0,radenrauf
satu,0.0,radenrauf
aduh,0.0,radenrauf
tragedi,0.0,radenrauf
suatu,0.0,radenrauf
insecure,0.0,radenrauf
sebelum,0.0,radenrauf
kakak,0.0,radenrauf
event,0.0,radenrauf
sedang,0.0,radenrauf
huftt,0.0,radenrauf
tsana,0.0,radenrauf
aseeeekkk,0.0,radenrauf
wkwkwkkw,0.0,radenrauf
awkoakowakoawkoawk,0.0,radenrauf
terbaik,0.0,radenrauf
sedih\xf0\x9f\xa5\xb0,0.0,radenrauf
konten,0.0,radenrauf
abang,0.0,radenrauf
sengaja,0.0,radenrauf
mengalami,0.0,radenrauf
alami,0.0,radenrauf
something,0.0,radenrauf
keluargamu,0.0,radenrauf
want,0.0,radenrauf
other,0.0,radenrauf
people,0.0,radenrauf
tiap,0.0,radenrauf
sesuatu,0.0,radenrauf
candaan,0.0,radenrauf
emosi,0.0,radenrauf
engagement,0.0,radenrauf
bener2,0.0,radenrauf
baik2,0.0,radenrauf
empatinya,0.0,radenrauf
wkwkwkwk,0.0,radenrauf
menghibur,0.0,radenrauf
pikirin,0.0,radenrauf
memang\xf0\x9f\x98\x9a,0.0,radenrauf
elon,0.0,radenrauf
mimpiiii,0.0,radenrauf
kunci,0.0,radenrauf
relate,0.0,radenrauf
wkkwkwk,0.0,radenrauf
baruuu,0.0,radenrauf
judul2,0.0,radenrauf
vs,0.0,radenrauf
korea,0.0,radenrauf
jepang,0.0,radenrauf
china,0.0,radenrauf
kemaren,0.0,radenrauf
part,0.0,radenrauf
lets,0.0,radenrauf
goo,0.0,radenrauf
diomongin,0.0,radenrauf
ngomongin,0.0,radenrauf
dibenci,0.0,radenrauf
membenci,0.0,radenrauf
terkadang,0.0,radenrauf
ngelakuin,0.0,radenrauf
okay\xe2\x98\xba\xef\xb8\x8f,0.0,radenrauf
drakornya,0.0,radenrauf
isi,0.0,radenrauf
pantesan,0.0,radenrauf
video,0.0,radenrauf
kitaaaa,0.0,radenrauf
menaklukkan,0.0,radenrauf
dunia,0.0,radenrauf
sing,0.0,radenrauf
lose,0.0,radenrauf
gile,0.0,radenrauf
hehhe,0.0,radenrauf
musk,0.0,radenrauf
perbedaan,0.0,radenrauf
psiko,0.0,radenrauf
judul,0.0,radenrauf
drama,0.0,radenrauf
its,0.0,radenrauf
okay,0.0,radenrauf
not,0.0,radenrauf
be,0.0,radenrauf
gapapa,0.0,radenrauf
meskipun,0.0,radenrauf
thankyouu,0.0,radenrauf
roti,0.0,radenrauf
asikk,0.0,radenrauf
kering,0.0,radenrauf
perih,0.0,radenrauf
kepanjangan,0.0,radenrauf
soal,0.0,radenrauf
selamat,0.0,radenrauf
tangan,0.0,radenrauf
jari,0.0,radenrauf
kuku,0.0,radenrauf
deket,0.0,radenrauf
kulit,0.0,radenrauf
otak,0.0,radenrauf
cabut,0.0,radenrauf
pernah,0.0,radenrauf
begini,0.0,radenrauf
dibikin,0.0,radenrauf
usah,0.0,radenrauf
anda,0.0,radenrauf
sp,0.0,radenrauf
kurang,0.0,radenrauf
kerjain,0.0,radenrauf
wkkwkw,0.0,radenrauf
enak,0.0,radenrauf
bgt,0.0,radenrauf
jane,0.0,radenrauf
jessica,0.0,radenrauf
challenge,0.0,radenrauf
pedes,0.0,radenrauf
asline,0.0,radenrauf
gambare,0.0,radenrauf
kali,0.0,radenrauf
cakepan,0.0,radenrauf
lainnya,0.0,radenrauf
buruk,0.0,radenrauf
hal2,0.0,radenrauf
dijauhkan,0.0,radenrauf
membaik,0.0,radenrauf
fashion,0.0,radenrauf
seni,0.0,radenrauf
matematika,0.0,radenrauf
awkkakwkwakwkawkawkwa,0.0,radenrauf
berdoa,0.0,radenrauf
pegangan,0.0,radenrauf
pakai,0.0,radenrauf
hayo,0.0,radenrauf
jeremi,0.0,radenrauf
poling,0.0,radenrauf
jeremy,0.0,radenrauf
wkkwkwkwkwkwkw,0.0,radenrauf
es,0.0,radenrauf
krim,0.0,radenrauf
tawar,0.0,radenrauf
battle,0.0,radenrauf
tes,0.0,radenrauf
iq,0.0,radenrauf
lawan,0.0,radenrauf
tomo,0.0,radenrauf
honomi,0.0,radenrauf
jago,0.0,radenrauf
yak,0.0,radenrauf
sekalian,0.0,radenrauf
latihan,0.0,radenrauf
ngaku,0.0,radenrauf
chef,0.0,radenrauf
ayam,0.0,radenrauf
kayaknya,0.0,radenrauf
komennya,0.0,radenrauf
nyebelin,0.0,radenrauf
menarique,0.0,radenrauf
analisinya,0.0,radenrauf
\xf0\x9f\x90\x82,0.0,radenrauf
8,0.0,radenrauf
menonton,0.0,radenrauf
apakah,0.0,radenrauf
gokil,0.0,radenrauf
sambil,0.0,radenrauf
ngerjain,0.0,radenrauf
supaya,0.0,radenrauf
makin,0.0,radenrauf
asik,0.0,radenrauf
wkwkkw,0.0,radenrauf
mantappu,0.0,radenrauf
jiwa,0.0,radenrauf
ngeri,0.0,radenrauf
ada,0.0,radenrauf
bah,0.0,radenrauf
kerasa,0.0,radenrauf
keuwuan,0.0,radenrauf
disia,0.0,radenrauf
siain,0.0,radenrauf
gaenak,0.0,radenrauf
jgn,0.0,radenrauf
minder2,0.0,radenrauf
mulu,0.0,radenrauf
oke,0.0,radenrauf
lama,0.0,radenrauf
medsos,0.0,radenrauf
dikirim,0.0,radenrauf
kuliah,0.0,radenrauf
angka,0.0,radenrauf
wkwkkwkwkwkw,0.0,radenrauf
heran,0.0,radenrauf
ngomong,0.0,radenrauf
berdasarkan,0.0,radenrauf
media,0.0,radenrauf
penonton,0.0,radenrauf
bulan,0.0,radenrauf
januari,0.0,radenrauf
pecah,0.0,radenrauf
scenenya,0.0,radenrauf
sii,0.0,radenrauf
hasilnya,0.0,radenrauf
rcti,0.0,radenrauf
vision,0.0,radenrauf
wkakakkakakaka,0.0,radenrauf
scene,0.0,radenrauf
partku,0.0,radenrauf
kuat,0.0,radenrauf
disuruh,0.0,radenrauf
cool,0.0,radenrauf
detik,0.0,radenrauf
berat\xf0\x9f\x98\xad\xf0\x9f\x98\x82,0.0,radenrauf
go,0.0,radenrauf
public,0.0,radenrauf
mas,0.0,radenrauf
hansol,0.0,radenrauf
sosial,0.0,radenrauf
nyata,0.0,radenrauf
hhahahaha,0.0,radenrauf
tan90,0.0,radenrauf
wihhh,0.0,radenrauf
bu,0.0,radenrauf
risma,0.0,radenrauf
acara,0.0,radenrauf
wadidaw,0.0,radenrauf
ibu,0.0,radenrauf
kepada,0.0,radenrauf
\xce\xb2,0.0,radenrauf
sepanjang,0.0,radenrauf
seringkali,0.0,radenrauf
masi,0.0,radenrauf
tugas,0.0,radenrauf
dri,0.0,radenrauf
kmrn,0.0,radenrauf
terlalu,0.0,radenrauf
niat,0.0,radenrauf
bangun,0.0,radenrauf
mana,0.0,radenrauf
asdfghkl,0.0,radenrauf
is,0.0,radenrauf
bapack,0.0,radenrauf
joke,0.0,radenrauf
berbeda,0.0,radenrauf
awkawkwakakwawkkaw,0.0,radenrauf
kerjaan,0.0,radenrauf
mood,0.0,radenrauf
aaaaa,0.0,radenrauf
helo,0.0,radenrauf
masak,0.0,radenrauf
fisika,0.0,radenrauf
amp,0.0,radenrauf
ft,0.0,radenrauf
seru,0.0,radenrauf
adem,0.0,radenrauf
terharu,0.0,radenrauf
natal,0.0,radenrauf
oh,0.0,radenrauf
\xe2\x98\xba\xef\xb8\x8f,0.0,radenrauf
wkwkkwkw,0.0,radenrauf
the,0.0,radenrauf
behind,0.0,radenrauf
kokkk,0.0,radenrauf
si,0.0,radenrauf
wkwkwk,0.0,radenrauf
ngakak,0.0,radenrauf
awali,0.0,radenrauf
ilmu,0.0,radenrauf
menyenangkan,0.0,radenrauf
katanya,0.0,radenrauf
arnold,0.0,radenrauf
pusing,0.0,radenrauf
liatnya,0.0,radenrauf
jiwaaaaa,0.0,radenrauf
perlombaan,0.0,radenrauf
lomba,0.0,radenrauf
berusaha,0.0,radenrauf
ngalahin,0.0,radenrauf
akhirnya,0.0,radenrauf
membuat,0.0,radenrauf
stress2,0.0,radenrauf
jalan,0.0,radenrauf
temen2,0.0,radenrauf
whisper,0.0,radenrauf
wkwkkwkwkw,0.0,radenrauf
kekosongan,0.0,radenrauf
akhir2,0.0,radenrauf
ig,0.0,radenrauf
orang2,0.0,radenrauf
banyak,0.0,radenrauf
dah,0.0,radenrauf
pertanda,0.0,radenrauf
semakin,0.0,radenrauf
sehari,0.0,radenrauf
bareng,0.0,radenrauf
yusuke,0.0,radenrauf
daily,0.0,radenrauf
life,0.0,radenrauf
mahasiswa,0.0,radenrauf
bermanfaat,0.0,radenrauf
menunya,0.0,radenrauf
ngantri,0.0,radenrauf
nemenin,0.0,radenrauf
beda2,0.0,radenrauf
abis,0.0,radenrauf
iseng2,0.0,radenrauf
stop,0.0,radenrauf
ngepost,0.0,radenrauf
hey,0.0,radenrauf
wkwkwlwkw\xf0\x9f\x98\x82,0.0,radenrauf
rumus,0.0,radenrauf
wii,0.0,radenrauf
wah,0.0,radenrauf
5,0.0,radenrauf
3,0.0,radenrauf
4,0.0,radenrauf
\xe2\x88\x9a400,0.0,radenrauf
partial,0.0,radenrauf
fraction,0.0,radenrauf
ditunggu2,0.0,radenrauf
reaction,0.0,radenrauf
youtube,0.0,radenrauf
rewind,0.0,radenrauf
mantapppp,0.0,radenrauf
rebahan,0.0,radenrauf
saran,0.0,radenrauf
ngeliat,0.0,radenrauf
yok,0.0,radenrauf
daftar,0.0,radenrauf
bilangan,0.0,radenrauf
prima,0.0,radenrauf
nemu,0.0,radenrauf
hasil,0.0,radenrauf
berurutan,0.0,radenrauf
43x47,0.0,radenrauf
sebelumnya,0.0,radenrauf
41x43,0.0,radenrauf
1763,0.0,radenrauf
berikutnya,0.0,radenrauf
47x53,0.0,radenrauf
2491,0.0,radenrauf
wow,0.0,radenrauf
langka,0.0,radenrauf
resolusi,0.0,radenrauf
dilakukan,0.0,radenrauf
wa,0.0,radenrauf
550,0.0,radenrauf
inspirasi,0.0,radenrauf
mau,0.0,radenrauf
murah,0.0,radenrauf
ratio,0.0,radenrauf
7,0.0,radenrauf
roe,0.0,radenrauf
13,0.0,radenrauf
habis,0.0,radenrauf
gak,0.0,radenrauf
sabar,0.0,radenrauf
buka,0.0,radenrauf
sangat,0.0,radenrauf
to,0.0,radenrauf
pagi,0.0,radenrauf
tolong,0.0,radenrauf
ingetin,0.0,radenrauf
biar,0.0,radenrauf
saya,0.0,radenrauf
makasih,0.0,radenrauf
yg,0.0,radenrauf
valuasi,0.0,radenrauf
1000,0.0,radenrauf
harga,0.0,radenrauf
yaitu,0.0,radenrauf
walaupun,0.0,radenrauf
covid,0.0,radenrauf
melanda,0.0,radenrauf
posisi,0.0,radenrauf
plus,0.0,radenrauf
dividend,0.0,radenrauf
besar,0.0,radenrauf
setiap,0.0,radenrauf
perusahaan,0.0,radenrauf
layak,0.0,radenrauf
dihargai,0.0,radenrauf
pe,0.0,radenrauf
10x,0.0,radenrauf
pbv,0.0,radenrauf
minimal,0.0,radenrauf
1,0.0,radenrauf
5x,0.0,radenrauf
manga,0.0,radenrauf
my,0.0,radenrauf
hero,0.0,radenrauf
services,0.0,radenrauf
diperlukan,0.0,radenrauf
memaksimalkan,0.0,radenrauf
produksi,0.0,radenrauf
sumur,0.0,radenrauf
minyak,0.0,radenrauf
ambil,0.0,radenrauf
kembali,0.0,radenrauf
asing,0.0,radenrauf
masih,0.0,radenrauf
mencatatkan,0.0,radenrauf
laba,0.0,radenrauf
187,0.0,radenrauf
milyar,0.0,radenrauf
q3,0.0,radenrauf
disaat,0.0,radenrauf
pandemic,0.0,radenrauf
19,0.0,radenrauf
dipunyai,0.0,radenrauf
eor,0.0,radenrauf
academia,0.0,radenrauf
chemical,0.0,radenrauf
vol3,0.0,radenrauf
segera,0.0,radenrauf
dm,0.0,radenrauf
sepatu,0.0,radenrauf
lari,0.0,radenrauf
buatan,0.0,radenrauf
lokal,0.0,radenrauf
bagus,0.0,radenrauf
dipelajari,0.0,radenrauf
dipahami,0.0,radenrauf
terlebih,0.0,radenrauf
dahulu,0.0,radenrauf
pelajari,0.0,radenrauf
fundamental,0.0,radenrauf
teknikal,0.0,radenrauf
analisisnya,0.0,radenrauf
perusahaannya,0.0,radenrauf
sehat,0.0,radenrauf
keuangan,0.0,radenrauf
periode,0.0,radenrauf
ternyata,0.0,radenrauf
sama,0.0,radenrauf
kita,0.0,radenrauf
bisa,0.0,radenrauf
juga,0.0,radenrauf
tua,0.0,radenrauf
dulu,0.0,radenrauf
tuh,0.0,radenrauf
coba,0.0,radenrauf
jadi,0.0,radenrauf
kinerja,0.0,radenrauf
dengan,0.0,radenrauf
adalah,0.0,radenrauf
sudah,0.0,radenrauf
keren,0.0,radenrauf
banget,0.0,radenrauf
besok,0.0,radenrauf
gimana,0.0,radenrauf
malam,0.0,radenrauf
itu,0.0,radenrauf
semangat,0.0,radenrauf
ini,0.0,radenrauf
di,0.0,radenrauf
yang,0.0,radenrauf
punya,0.0,radenrauf
tapi,0.0,radenrauf
cuma,0.0,radenrauf
,0.0,radenrauf
apa,0.0,radenrauf
udah,0.0,radenrauf
sendiri,0.0,radenrauf
siapa,0.0,radenrauf
untuk,0.0,radenrauf
lebih,0.0,radenrauf
ya,0.0,radenrauf
sih,0.0,radenrauf
kalo,0.0,radenrauf
kamu,0.0,radenrauf
aja,0.0,radenrauf
buat,0.0,radenrauf
hari,0.0,radenrauf
pada,0.0,radenrauf
dan,0.0,radenrauf
bahan,0.0,radenrauf
ataupun,0.0,radenrauf
untung,0.0,radenrauf
rugi,0.0,radenrauf
ditanggung,0.0,radenrauf
masing,0.0,radenrauf
pokoknya,0.0,radenrauf
tanggung,0.0,radenrauf
jawab,0.0,radenrauf
sangmology,0.0,radenrauf
propinsi,0.0,radenrauf
pdrb,0.0,radenrauf
terbesar,0.0,radenrauf
ke,0.0,radenrauf
2,0.0,radenrauf
setelah,0.0,radenrauf
dki,0.0,radenrauf
jakarta,0.0,radenrauf
pertimbangan,0.0,radenrauf
sebagai,0.0,radenrauf
semoga,0.0,radenrauf
bersifat,0.0,radenrauf
semua,0.0,radenrauf
selalu,0.0,radenrauf
dari,0.0,radenrauf
bakal,0.0,radenrauf
atau,0.0,radenrauf
tahun,0.0,radenrauf
2020,0.0,radenrauf
kasih,0.0,radenrauf
referensi,0.0,radenrauf
bukan,0.0,radenrauf
perintah,0.0,radenrauf
jual,0.0,radenrauf
ato,0.0,radenrauf
beli,0.0,radenrauf
bacaan,0.0,radenrauf
merenung,0.0,radenrauf
dianalisa,0.0,radenrauf
bahkan,0.0,radenrauf
induknya,0.0,radenrauf
mendapatkan,0.0,radenrauf
alhamdulillah,0.0,radenrauf
pake,0.0,radenrauf
sendok,0.0,radenrauf
garpu,0.0,radenrauf
maafkan,0.0,radenrauf
bekal,0.0,radenrauf
telor,0.0,radenrauf
ceplok,0.0,radenrauf
sambel,0.0,radenrauf
maksudnya,0.0,radenrauf
nih,0.0,radenrauf
ikut,0.0,radenrauf
mari,0.0,radenrauf
menunggu,0.0,radenrauf
mantap,0.0,radenrauf
kalah,0.0,radenrauf
investor,0.0,radenrauf
lha,0.0,radenrauf
wong,0.0,radenrauf
padang,0.0,radenrauf
nasi,0.0,radenrauf
makan,0.0,radenrauf
hehehehehe,0.0,radenrauf
lot,0.0,radenrauf
540,0.0,radenrauf
wkwkwkwkwkw,0.0,radenrauf
pgas,0.0,radenrauf
terbendung,0.0,radenrauf
hantam,0.0,radenrauf
tadi,0.0,radenrauf
nambah,0.0,radenrauf
disc,0.0,radenrauf
day,0.0,radenrauf
trader,0.0,radenrauf
jangka,0.0,radenrauf
panjangnya,0.0,radenrauf
percaya,0.0,radenrauf
fundamentalnya,0.0,radenrauf
tidur,0.0,radenrauf
apaan,0.0,radenrauf
bagus2,0.0,radenrauf
kok,0.0,radenrauf
ngapain,0.0,radenrauf
take,0.0,radenrauf
lakukan,0.0,radenrauf
average,0.0,radenrauf
up,0.0,radenrauf
kekuatan,0.0,radenrauf
retail,0.0,radenrauf
volumenya,0.0,radenrauf
segitu,0.0,radenrauf
ngegas,0.0,radenrauf
loncat,0.0,radenrauf
ding,0.0,radenrauf
rapat,0.0,radenrauf
operasional,0.0,radenrauf
jam,0.0,radenrauf
08,0.0,radenrauf
55,0.0,radenrauf
nyalain,0.0,radenrauf
lilin,0.0,radenrauf
profit,0.0,radenrauf
soalnya,0.0,radenrauf
khawatir,0.0,radenrauf
rank,0.0,radenrauf
dikasih,0.0,radenrauf
kesempatan,0.0,radenrauf
mending,0.0,radenrauf
ayo,0.0,radenrauf
ihsg,0.0,radenrauf
terakhir,0.0,radenrauf
yp,0.0,radenrauf
kekuatannya,0.0,radenrauf
banyaknya,0.0,radenrauf
analisa,0.0,radenrauf
komoditas,0.0,radenrauf
lain,0.0,radenrauf
paling,0.0,radenrauf
depan,0.0,radenrauf
diburu,0.0,radenrauf
buru,0.0,radenrauf
push,0.0,radenrauf
2juta,0.0,radenrauf
gila,0.0,radenrauf
mencatat,0.0,radenrauf
woi,0.0,radenrauf
tentang,0.0,radenrauf
yudhamolody,0.0,radenrauf
salam,0.0,radenrauf
apes,0.0,radenrauf
boleh,0.0,radenrauf
analisis,0.0,radenrauf
share,0.0,radenrauf
berita,0.0,radenrauf
disangkut,0.0,radenrauf
penutupan,0.0,radenrauf
pautin,0.0,radenrauf
ijin,0.0,radenrauf
\xf0\x9f\x99\x8f\xf0\x9f\x8f\xbd\xf0\x9f\x99\x8f\xf0\x9f\x8f\xbd\xf0\x9f\x99\x8f\xf0\x9f\x8f\xbd,0.0,radenrauf
cari,0.0,radenrauf
lowongan,0.0,radenrauf
kerja,0.0,radenrauf
tantangan,0.0,radenrauf
baru,0.0,radenrauf
bicara,0.0,radenrauf
webinar,0.0,radenrauf
pembicara,0.0,radenrauf
bang,0.0,radenrauf
kerugian,0.0,radenrauf
disclaimer,0.0,radenrauf
0,0.0,radenrauf
7x,0.0,radenrauf
sekelas,0.0,radenrauf
jika,0.0,radenrauf
sesuai,0.0,radenrauf
nilai,0.0,radenrauf
buku,0.0,radenrauf
sahamnya,0.0,radenrauf
silakan,0.0,radenrauf
dibaca,0.0,radenrauf
baca,0.0,radenrauf
bentar,0.0,radenrauf
meeting,0.0,radenrauf
sholat,0.0,radenrauf
undang,0.0,radenrauf
\xf0\x9f\x99\x8f\xf0\x9f\x8f\xbd,0.0,radenrauf
yup,0.0,radenrauf
jebol,0.0,radenrauf
investasi,0.0,radenrauf
akan,0.0,radenrauf
kaya,0.0,radenrauf
mendadak,0.0,radenrauf
proses,0.0,radenrauf
nikmatin,0.0,radenrauf
hold,0.0,radenrauf
keras,0.0,radenrauf
sekali,0.0,radenrauf
cuanmin,0.0,radenrauf
belom,0.0,radenrauf
tambah,0.0,radenrauf
muatan,0.0,radenrauf
akankah,0.0,radenrauf
liat,0.0,radenrauf
ngebid,0.0,radenrauf
antm,0.0,radenrauf
sebelom,0.0,radenrauf
saham,0.0,radenrauf
pemikiran,0.0,radenrauf
nunggu,0.0,radenrauf
hindari,0.0,radenrauf
sampe,0.0,radenrauf
4000,0.0,radenrauf
cpo,0.0,radenrauf
naik,0.0,radenrauf
beberapa,0.0,radenrauf
produksinya,0.0,radenrauf
menurun,0.0,radenrauf
hmm,0.0,radenrauf
hepi,0.0,radenrauf
yowes,0.0,radenrauf
serok,0.0,radenrauf
deh,0.0,radenrauf
tau,0.0,radenrauf
tanya,0.0,radenrauf
sana,0.0,radenrauf
mikir,0.0,radenrauf
10,0.0,radenrauf
suaranyaaaaaaa,0.0,radenrauf
,TFIDF,username
saya,0.037683271115264975,kaesangp
sangmology,0.018841635557632488,kaesangp
antm,0.014493565813563454,kaesangp
perusahaan,0.010145496069494418,kaesangp
lokal,0.008696139488138074,kaesangp
naik,0.008696139488138074,kaesangp
pgas,0.008696139488138074,kaesangp
gak,0.008023715859660246,kaesangp
investor,0.007246782906781727,kaesangp
hold,0.007246782906781727,kaesangp
masih,0.007246782906781727,kaesangp
disclaimer,0.005797426325425382,kaesangp
jual,0.004348069744069037,kaesangp
deh,0.004348069744069037,kaesangp
serok,0.004348069744069037,kaesangp
harga,0.004348069744069037,kaesangp
buka,0.004348069744069037,kaesangp
beli,0.004348069744069037,kaesangp
teknikal,0.004348069744069037,kaesangp
cpo,0.004348069744069037,kaesangp
nasi,0.004348069744069037,kaesangp
ngegas,0.004348069744069037,kaesangp
analisisnya,0.004348069744069037,kaesangp
percaya,0.002898713162712691,kaesangp
murah,0.002898713162712691,kaesangp
menunggu,0.002898713162712691,kaesangp
setiap,0.002898713162712691,kaesangp
mari,0.002898713162712691,kaesangp
proses,0.002898713162712691,kaesangp
saham,0.002898713162712691,kaesangp
pbv,0.002898713162712691,kaesangp
cuanmin,0.002898713162712691,kaesangp
5x,0.002898713162712691,kaesangp
pe,0.002898713162712691,kaesangp
besar,0.002898713162712691,kaesangp
sangat,0.002898713162712691,kaesangp
padang,0.002898713162712691,kaesangp
muatan,0.002898713162712691,kaesangp
dihargai,0.002898713162712691,kaesangp
sahamnya,0.002898713162712691,kaesangp
masing,0.002898713162712691,kaesangp
10,0.002898713162712691,kaesangp
minyak,0.002898713162712691,kaesangp
perusahaannya,0.002898713162712691,kaesangp
bentar,0.002898713162712691,kaesangp
fundamental,0.002898713162712691,kaesangp
share,0.002898713162712691,kaesangp
berita,0.002898713162712691,kaesangp
\xf0\x9f\x99\x8f\xf0\x9f\x8f\xbd\xf0\x9f\x99\x8f\xf0\x9f\x8f\xbd\xf0\x9f\x99\x8f\xf0\x9f\x8f\xbd,0.002898713162712691,kaesangp
\xf0\x9f\x99\x8f\xf0\x9f\x8f\xbd,0.002898713162712691,kaesangp
tolong,0.002898713162712691,kaesangp
referensi,0.002898713162712691,kaesangp
pagi,0.002898713162712691,kaesangp
perintah,0.002898713162712691,kaesangp
produksinya,0.002898713162712691,kaesangp
hmm,0.002898713162712691,kaesangp
hepi,0.002898713162712691,kaesangp
ihsg,0.002898713162712691,kaesangp
sebagai,0.002898713162712691,kaesangp
day,0.002898713162712691,kaesangp
dikasih,0.002898713162712691,kaesangp
habis,0.002898713162712691,kaesangp
covid,0.002898713162712691,kaesangp
on,0.0026745719532200816,kaesangp
jangan,0.0021396575625760653,kaesangp
mantap,0.0021396575625760653,kaesangp
yg,0.0016047431719320492,kaesangp
belom,0.0016047431719320492,kaesangp
lupa,0.0016047431719320492,kaesangp
bukan,0.0016047431719320492,kaesangp
tidur,0.0016047431719320492,kaesangp
hanya,0.0016047431719320492,kaesangp
lagi,0.0016047431719320492,kaesangp
malah,0.0016047431719320492,kaesangp
menarique,0.0014493565813563454,kaesangp
dipelajari,0.0014493565813563454,kaesangp
bagus,0.0014493565813563454,kaesangp
lari,0.0014493565813563454,kaesangp
dipahami,0.0014493565813563454,kaesangp
terlebih,0.0014493565813563454,kaesangp
dahulu,0.0014493565813563454,kaesangp
buatan,0.0014493565813563454,kaesangp
\xf0\x9f\x90\x82,0.0014493565813563454,kaesangp
sepatu,0.0014493565813563454,kaesangp
dm,0.0014493565813563454,kaesangp
analisinya,0.0014493565813563454,kaesangp
vol3,0.0014493565813563454,kaesangp
academia,0.0014493565813563454,kaesangp
hero,0.0014493565813563454,kaesangp
gokil,0.0014493565813563454,kaesangp
my,0.0014493565813563454,kaesangp
manga,0.0014493565813563454,kaesangp
pelajari,0.0014493565813563454,kaesangp
melanda,0.0014493565813563454,kaesangp
nyebelin,0.0014493565813563454,kaesangp
komennya,0.0014493565813563454,kaesangp
mencatatkan,0.0014493565813563454,kaesangp
usah,0.0014493565813563454,kaesangp
asing,0.0014493565813563454,kaesangp
kembali,0.0014493565813563454,kaesangp
ambil,0.0014493565813563454,kaesangp
sp,0.0014493565813563454,kaesangp
sumur,0.0014493565813563454,kaesangp
produksi,0.0014493565813563454,kaesangp
kurang,0.0014493565813563454,kaesangp
memaksimalkan,0.0014493565813563454,kaesangp
diperlukan,0.0014493565813563454,kaesangp
dipunyai,0.0014493565813563454,kaesangp
services,0.0014493565813563454,kaesangp
berdoa,0.0014493565813563454,kaesangp
eor,0.0014493565813563454,kaesangp
chemical,0.0014493565813563454,kaesangp
pegangan,0.0014493565813563454,kaesangp
pakai,0.0014493565813563454,kaesangp
kemaren,0.0014493565813563454,kaesangp
ayam,0.0014493565813563454,kaesangp
dikirim,0.0014493565813563454,kaesangp
wa,0.0014493565813563454,kaesangp
jakarta,0.0014493565813563454,kaesangp
jawab,0.0014493565813563454,kaesangp
propinsi,0.0014493565813563454,kaesangp
yaitu,0.0014493565813563454,kaesangp
pdrb,0.0014493565813563454,kaesangp
terbesar,0.0014493565813563454,kaesangp
setelah,0.0014493565813563454,kaesangp
minimal,0.0014493565813563454,kaesangp
dki,0.0014493565813563454,kaesangp
187,0.0014493565813563454,kaesangp
biar,0.0014493565813563454,kaesangp
10x,0.0014493565813563454,kaesangp
kinerja,0.0014493565813563454,kaesangp
layak,0.0014493565813563454,kaesangp
keuangan,0.0014493565813563454,kaesangp
sehat,0.0014493565813563454,kaesangp
walaupun,0.0014493565813563454,kaesangp
dividend,0.0014493565813563454,kaesangp
plus,0.0014493565813563454,kaesangp
1000,0.0014493565813563454,kaesangp
tanggung,0.0014493565813563454,kaesangp
valuasi,0.0014493565813563454,kaesangp
pokoknya,0.0014493565813563454,kaesangp
ingetin,0.0014493565813563454,kaesangp
posisi,0.0014493565813563454,kaesangp
ato,0.0014493565813563454,kaesangp
bacaan,0.0014493565813563454,kaesangp
merenung,0.0014493565813563454,kaesangp
sabar,0.0014493565813563454,kaesangp
dianalisa,0.0014493565813563454,kaesangp
bersifat,0.0014493565813563454,kaesangp
pertimbangan,0.0014493565813563454,kaesangp
ataupun,0.0014493565813563454,kaesangp
untung,0.0014493565813563454,kaesangp
rugi,0.0014493565813563454,kaesangp
13,0.0014493565813563454,kaesangp
ditanggung,0.0014493565813563454,kaesangp
roe,0.0014493565813563454,kaesangp
7,0.0014493565813563454,kaesangp
ratio,0.0014493565813563454,kaesangp
laba,0.0014493565813563454,kaesangp
550,0.0014493565813563454,kaesangp
milyar,0.0014493565813563454,kaesangp
kesempatan,0.0014493565813563454,kaesangp
ngapain,0.0014493565813563454,kaesangp
bagus2,0.0014493565813563454,kaesangp
wong,0.0014493565813563454,kaesangp
lha,0.0014493565813563454,kaesangp
maksudnya,0.0014493565813563454,kaesangp
alhamdulillah,0.0014493565813563454,kaesangp
sambel,0.0014493565813563454,kaesangp
ceplok,0.0014493565813563454,kaesangp
telor,0.0014493565813563454,kaesangp
bekal,0.0014493565813563454,kaesangp
maafkan,0.0014493565813563454,kaesangp
garpu,0.0014493565813563454,kaesangp
sendok,0.0014493565813563454,kaesangp
hehehehehe,0.0014493565813563454,kaesangp
apaan,0.0014493565813563454,kaesangp
fundamentalnya,0.0014493565813563454,kaesangp
panjangnya,0.0014493565813563454,kaesangp
jangka,0.0014493565813563454,kaesangp
trader,0.0014493565813563454,kaesangp
disc,0.0014493565813563454,kaesangp
nambah,0.0014493565813563454,kaesangp
tadi,0.0014493565813563454,kaesangp
hantam,0.0014493565813563454,kaesangp
terbendung,0.0014493565813563454,kaesangp
wkwkwkwkwkw,0.0014493565813563454,kaesangp
540,0.0014493565813563454,kaesangp
lot,0.0014493565813563454,kaesangp
khawatir,0.0014493565813563454,kaesangp
mending,0.0014493565813563454,kaesangp
nih,0.0014493565813563454,kaesangp
ayo,0.0014493565813563454,kaesangp
lilin,0.0014493565813563454,kaesangp
nyalain,0.0014493565813563454,kaesangp
55,0.0014493565813563454,kaesangp
08,0.0014493565813563454,kaesangp
jam,0.0014493565813563454,kaesangp
operasional,0.0014493565813563454,kaesangp
rapat,0.0014493565813563454,kaesangp
ding,0.0014493565813563454,kaesangp
loncat,0.0014493565813563454,kaesangp
segitu,0.0014493565813563454,kaesangp
volumenya,0.0014493565813563454,kaesangp
retail,0.0014493565813563454,kaesangp
kekuatan,0.0014493565813563454,kaesangp
up,0.0014493565813563454,kaesangp
average,0.0014493565813563454,kaesangp
lakukan,0.0014493565813563454,kaesangp
profit,0.0014493565813563454,kaesangp
take,0.0014493565813563454,kaesangp
rank,0.0014493565813563454,kaesangp
push,0.0014493565813563454,kaesangp
buru,0.0014493565813563454,kaesangp
diburu,0.0014493565813563454,kaesangp
komoditas,0.0014493565813563454,kaesangp
analisa,0.0014493565813563454,kaesangp
banyaknya,0.0014493565813563454,kaesangp
kekuatannya,0.0014493565813563454,kaesangp
yp,0.0014493565813563454,kaesangp
2juta,0.0014493565813563454,kaesangp
gila,0.0014493565813563454,kaesangp
q3,0.0014493565813563454,kaesangp
boleh,0.0014493565813563454,kaesangp
salam,0.0014493565813563454,kaesangp
yudhamolody,0.0014493565813563454,kaesangp
bicara,0.0014493565813563454,kaesangp
webinar,0.0014493565813563454,kaesangp
pembicara,0.0014493565813563454,kaesangp
bang,0.0014493565813563454,kaesangp
undang,0.0014493565813563454,kaesangp
sholat,0.0014493565813563454,kaesangp
meeting,0.0014493565813563454,kaesangp
dibaca,0.0014493565813563454,kaesangp
silakan,0.0014493565813563454,kaesangp
inspirasi,0.0014493565813563454,kaesangp
buku,0.0014493565813563454,kaesangp
nilai,0.0014493565813563454,kaesangp
sesuai,0.0014493565813563454,kaesangp
jika,0.0014493565813563454,kaesangp
sekelas,0.0014493565813563454,kaesangp
7x,0.0014493565813563454,kaesangp
0,0.0014493565813563454,kaesangp
kerugian,0.0014493565813563454,kaesangp
mencatat,0.0014493565813563454,kaesangp
induknya,0.0014493565813563454,kaesangp
periode,0.0014493565813563454,kaesangp
bahkan,0.0014493565813563454,kaesangp
19,0.0014493565813563454,kaesangp
pandemic,0.0014493565813563454,kaesangp
disaat,0.0014493565813563454,kaesangp
apes,0.0014493565813563454,kaesangp
analisis,0.0014493565813563454,kaesangp
penutupan,0.0014493565813563454,kaesangp
disangkut,0.0014493565813563454,kaesangp
sebelom,0.0014493565813563454,kaesangp
ngebid,0.0014493565813563454,kaesangp
akankah,0.0014493565813563454,kaesangp
tambah,0.0014493565813563454,kaesangp
sekali,0.0014493565813563454,kaesangp
keras,0.0014493565813563454,kaesangp
nikmatin,0.0014493565813563454,kaesangp
mendadak,0.0014493565813563454,kaesangp
akan,0.0014493565813563454,kaesangp
investasi,0.0014493565813563454,kaesangp
pemikiran,0.0014493565813563454,kaesangp
hindari,0.0014493565813563454,kaesangp
sana,0.0014493565813563454,kaesangp
tanya,0.0014493565813563454,kaesangp
yowes,0.0014493565813563454,kaesangp
menurun,0.0014493565813563454,kaesangp
beberapa,0.0014493565813563454,kaesangp
4000,0.0014493565813563454,kaesangp
nunggu,0.0014493565813563454,kaesangp
jebol,0.0014493565813563454,kaesangp
yup,0.0014493565813563454,kaesangp
tantangan,0.0014493565813563454,kaesangp
kerja,0.0014493565813563454,kaesangp
lowongan,0.0014493565813563454,kaesangp
cari,0.0014493565813563454,kaesangp
ijin,0.0014493565813563454,kaesangp
pautin,0.0014493565813563454,kaesangp
dibikin,0.0014493565813563454,kaesangp
mendapatkan,0.0014493565813563454,kaesangp
nanti,0.0010698287812880326,kaesangp
tentang,0.0010698287812880326,kaesangp
1,0.0010698287812880326,kaesangp
apakah,0.0010698287812880326,kaesangp
to,0.0010698287812880326,kaesangp
baru,0.0010698287812880326,kaesangp
ikut,0.0010698287812880326,kaesangp
sekarang,0.0010698287812880326,kaesangp
liat,0.0010698287812880326,kaesangp
sampe,0.0010698287812880326,kaesangp
seperti,0.0010698287812880326,kaesangp
maaf,0.0010698287812880326,kaesangp
pengen,0.0010698287812880326,kaesangp
ke,0.0010698287812880326,kaesangp
pake,0.0010698287812880326,kaesangp
mau,0.0010698287812880326,kaesangp
anda,0.0005349143906440163,kaesangp
jumat,0.0005349143906440163,kaesangp
begini,0.0005349143906440163,kaesangp
makasih,0.0005349143906440163,kaesangp
woi,0.0005349143906440163,kaesangp
kalah,0.0005349143906440163,kaesangp
kok,0.0005349143906440163,kaesangp
segera,0.0005349143906440163,kaesangp
mulai,0.0005349143906440163,kaesangp
penting,0.0005349143906440163,kaesangp
makan,0.0005349143906440163,kaesangp
alasan,0.0005349143906440163,kaesangp
begitu,0.0005349143906440163,kaesangp
8,0.0005349143906440163,kaesangp
\xf0\x9f\x99\x8f\xf0\x9f\x8f\xbb,0.0005349143906440163,kaesangp
terus,0.0005349143906440163,kaesangp
apalagi,0.0005349143906440163,kaesangp
bahan,0.0005349143906440163,kaesangp
tau,0.0005349143906440163,kaesangp
gaes,0.0005349143906440163,kaesangp
mikir,0.0005349143906440163,kaesangp
butuh,0.0005349143906440163,kaesangp
2,0.0005349143906440163,kaesangp
karena,0.0005349143906440163,kaesangp
kaya,0.0005349143906440163,kaesangp
terakhir,0.0005349143906440163,kaesangp
ditinggal,0.0005349143906440163,kaesangp
depan,0.0005349143906440163,kaesangp
siap,0.0005349143906440163,kaesangp
baca,0.0005349143906440163,kaesangp
semuanya,0.0005349143906440163,kaesangp
soalnya,0.0005349143906440163,kaesangp
dapet,0.0005349143906440163,kaesangp
lain,0.0005349143906440163,kaesangp
paling,0.0005349143906440163,kaesangp
lho,0.0005349143906440163,kaesangp
langsung,0.0005349143906440163,kaesangp
dong,0.0005349143906440163,kaesangp
\xe2\x88\x9a400,0.0,kaesangp
akhirnya,0.0,kaesangp
partial,0.0,kaesangp
fraction,0.0,kaesangp
4,0.0,kaesangp
ditunggu2,0.0,kaesangp
3,0.0,kaesangp
ngalahin,0.0,kaesangp
5,0.0,kaesangp
sebelumnya,0.0,kaesangp
reaction,0.0,kaesangp
berusaha,0.0,kaesangp
jiwaaaaa,0.0,kaesangp
the,0.0,kaesangp
katanya,0.0,kaesangp
arnold,0.0,kaesangp
behind,0.0,kaesangp
pusing,0.0,kaesangp
kokkk,0.0,kaesangp
mantapppp,0.0,kaesangp
lomba,0.0,kaesangp
si,0.0,kaesangp
rewind,0.0,kaesangp
liatnya,0.0,kaesangp
perlombaan,0.0,kaesangp
youtube,0.0,kaesangp
wii,0.0,kaesangp
wah,0.0,kaesangp
wkwkwlwkw\xf0\x9f\x98\x82,0.0,kaesangp
membuat,0.0,kaesangp
nemu,0.0,kaesangp
43x47,0.0,kaesangp
berurutan,0.0,kaesangp
1763,0.0,kaesangp
berikutnya,0.0,kaesangp
47x53,0.0,kaesangp
2491,0.0,kaesangp
wow,0.0,kaesangp
hasil,0.0,kaesangp
langka,0.0,kaesangp
resolusi,0.0,kaesangp
scenenya,0.0,kaesangp
yok,0.0,kaesangp
saran,0.0,kaesangp
stop,0.0,kaesangp
rumus,0.0,kaesangp
prima,0.0,kaesangp
bilangan,0.0,kaesangp
daftar,0.0,kaesangp
ngeliat,0.0,kaesangp
iseng2,0.0,kaesangp
abis,0.0,kaesangp
rebahan,0.0,kaesangp
ngepost,0.0,kaesangp
hey,0.0,kaesangp
41x43,0.0,kaesangp
beda2,0.0,kaesangp
jalan,0.0,kaesangp
stress2,0.0,kaesangp
dilakukan,0.0,kaesangp
berat\xf0\x9f\x98\xad\xf0\x9f\x98\x82,0.0,kaesangp
sii,0.0,kaesangp
berbeda,0.0,kaesangp
bapack,0.0,kaesangp
joke,0.0,kaesangp
wkwkkwkw,0.0,kaesangp
\xe2\x98\xba\xef\xb8\x8f,0.0,kaesangp
oh,0.0,kaesangp
natal,0.0,kaesangp
terharu,0.0,kaesangp
adem,0.0,kaesangp
seru,0.0,kaesangp
ft,0.0,kaesangp
amp,0.0,kaesangp
fisika,0.0,kaesangp
masak,0.0,kaesangp
helo,0.0,kaesangp
aaaaa,0.0,kaesangp
mood,0.0,kaesangp
kerjaan,0.0,kaesangp
is,0.0,kaesangp
asdfghkl,0.0,kaesangp
wihhh,0.0,kaesangp
masi,0.0,kaesangp
mana,0.0,kaesangp
bangun,0.0,kaesangp
niat,0.0,kaesangp
terlalu,0.0,kaesangp
kmrn,0.0,kaesangp
dri,0.0,kaesangp
tugas,0.0,kaesangp
sepanjang,0.0,kaesangp
bu,0.0,kaesangp
tan90,0.0,kaesangp
\xce\xb2,0.0,kaesangp
kepada,0.0,kaesangp
ibu,0.0,kaesangp
wadidaw,0.0,kaesangp
acara,0.0,kaesangp
risma,0.0,kaesangp
awkawkwakakwawkkaw,0.0,kaesangp
seringkali,0.0,kaesangp
hasilnya,0.0,kaesangp
nyata,0.0,kaesangp
bulan,0.0,kaesangp
januari,0.0,kaesangp
pecah,0.0,kaesangp
hansol,0.0,kaesangp
mas,0.0,kaesangp
public,0.0,kaesangp
go,0.0,kaesangp
ilmu,0.0,kaesangp
detik,0.0,kaesangp
cool,0.0,kaesangp
disuruh,0.0,kaesangp
kuat,0.0,kaesangp
partku,0.0,kaesangp
scene,0.0,kaesangp
wkakakkakakaka,0.0,kaesangp
vision,0.0,kaesangp
rcti,0.0,kaesangp
penonton,0.0,kaesangp
keuwuan,0.0,kaesangp
disia,0.0,kaesangp
angka,0.0,kaesangp
medsos,0.0,kaesangp
sosial,0.0,kaesangp
media,0.0,kaesangp
berdasarkan,0.0,kaesangp
ngomong,0.0,kaesangp
heran,0.0,kaesangp
wkwkkwkwkwkw,0.0,kaesangp
kuliah,0.0,kaesangp
siain,0.0,kaesangp
lama,0.0,kaesangp
kerasa,0.0,kaesangp
oke,0.0,kaesangp
mulu,0.0,kaesangp
minder2,0.0,kaesangp
jgn,0.0,kaesangp
gaenak,0.0,kaesangp
menyenangkan,0.0,kaesangp
bermanfaat,0.0,kaesangp
awali,0.0,kaesangp
kering,0.0,kaesangp
otak,0.0,kaesangp
latihan,0.0,kaesangp
sekalian,0.0,kaesangp
yak,0.0,kaesangp
jago,0.0,kaesangp
pernah,0.0,kaesangp
cabut,0.0,kaesangp
kulit,0.0,kaesangp
deket,0.0,kaesangp
hehhe,0.0,kaesangp
kuku,0.0,kaesangp
jari,0.0,kaesangp
tangan,0.0,kaesangp
kepanjangan,0.0,kaesangp
perih,0.0,kaesangp
wkkwkw,0.0,kaesangp
enak,0.0,kaesangp
bgt,0.0,kaesangp
asikk,0.0,kaesangp
thankyouu,0.0,kaesangp
matematika,0.0,kaesangp
kira2,0.0,kaesangp
sengaja,0.0,kaesangp
tiap,0.0,kaesangp
people,0.0,kaesangp
other,0.0,kaesangp
want,0.0,kaesangp
something,0.0,kaesangp
alami,0.0,kaesangp
candaan,0.0,kaesangp
mengalami,0.0,kaesangp
awkoakowakoawkoawk,0.0,kaesangp
keluargamu,0.0,kaesangp
baik2,0.0,kaesangp
pikirin,0.0,kaesangp
konten,0.0,kaesangp
tragedi,0.0,kaesangp
suatu,0.0,kaesangp
sebelum,0.0,kaesangp
huftt,0.0,kaesangp
awkkakwkwakwkawkawkwa,0.0,kaesangp
seni,0.0,kaesangp
emosi,0.0,kaesangp
jeremy,0.0,kaesangp
mantappu,0.0,kaesangp
jiwa,0.0,kaesangp
kayaknya,0.0,kaesangp
chef,0.0,kaesangp
hayo,0.0,kaesangp
ngaku,0.0,kaesangp
jeremi,0.0,kaesangp
poling,0.0,kaesangp
wkkwkwkwkwkwkw,0.0,kaesangp
asik,0.0,kaesangp
es,0.0,kaesangp
krim,0.0,kaesangp
roti,0.0,kaesangp
tawar,0.0,kaesangp
battle,0.0,kaesangp
tes,0.0,kaesangp
iq,0.0,kaesangp
lawan,0.0,kaesangp
wkwkkw,0.0,kaesangp
makin,0.0,kaesangp
fashion,0.0,kaesangp
pedes,0.0,kaesangp
honomi,0.0,kaesangp
dijauhkan,0.0,kaesangp
hal2,0.0,kaesangp
buruk,0.0,kaesangp
lainnya,0.0,kaesangp
cakepan,0.0,kaesangp
gambare,0.0,kaesangp
asline,0.0,kaesangp
challenge,0.0,kaesangp
supaya,0.0,kaesangp
jessica,0.0,kaesangp
jane,0.0,kaesangp
kerjain,0.0,kaesangp
soal,0.0,kaesangp
selamat,0.0,kaesangp
menonton,0.0,kaesangp
sambil,0.0,kaesangp
ngerjain,0.0,kaesangp
sesuatu,0.0,kaesangp
engagement,0.0,kaesangp
ngakak,0.0,kaesangp
dibenci,0.0,kaesangp
hhahahaha,0.0,kaesangp
bah,0.0,kaesangp
kali,0.0,kaesangp
ngeri,0.0,kaesangp
okay\xe2\x98\xba\xef\xb8\x8f,0.0,kaesangp
ngelakuin,0.0,kaesangp
terkadang,0.0,kaesangp
membenci,0.0,kaesangp
ngomongin,0.0,kaesangp
ig,0.0,kaesangp
diomongin,0.0,kaesangp
goo,0.0,kaesangp
lets,0.0,kaesangp
part,0.0,kaesangp
china,0.0,kaesangp
jepang,0.0,kaesangp
korea,0.0,kaesangp
vs,0.0,kaesangp
akhir2,0.0,kaesangp
orang2,0.0,kaesangp
baruuu,0.0,kaesangp
tomo,0.0,kaesangp
wkwkwk,0.0,kaesangp
temen2,0.0,kaesangp
whisper,0.0,kaesangp
wkwkkwkwkw,0.0,kaesangp
kekosongan,0.0,kaesangp
nemenin,0.0,kaesangp
ngantri,0.0,kaesangp
menunya,0.0,kaesangp
mahasiswa,0.0,kaesangp
banyak,0.0,kaesangp
life,0.0,kaesangp
daily,0.0,kaesangp
yusuke,0.0,kaesangp
bareng,0.0,kaesangp
sehari,0.0,kaesangp
semakin,0.0,kaesangp
pertanda,0.0,kaesangp
dah,0.0,kaesangp
judul2,0.0,kaesangp
wkkwkwk,0.0,kaesangp
bener2,0.0,kaesangp
event,0.0,kaesangp
kunci,0.0,kaesangp
mimpiiii,0.0,kaesangp
memang\xf0\x9f\x98\x9a,0.0,kaesangp
terbaik,0.0,kaesangp
wkwkwkkw,0.0,kaesangp
aseeeekkk,0.0,kaesangp
tsana,0.0,kaesangp
kakak,0.0,kaesangp
satu,0.0,kaesangp
menaklukkan,0.0,kaesangp
insecure,0.0,kaesangp
aduh,0.0,kaesangp
sedih\xf0\x9f\xa5\xb0,0.0,kaesangp
sedang,0.0,kaesangp
abang,0.0,kaesangp
menghibur,0.0,kaesangp
wkwkwkwk,0.0,kaesangp
empatinya,0.0,kaesangp
kitaaaa,0.0,kaesangp
dunia,0.0,kaesangp
relate,0.0,kaesangp
okay,0.0,kaesangp
drakornya,0.0,kaesangp
isi,0.0,kaesangp
pantesan,0.0,kaesangp
psiko,0.0,kaesangp
meskipun,0.0,kaesangp
gapapa,0.0,kaesangp
be,0.0,kaesangp
not,0.0,kaesangp
its,0.0,kaesangp
sing,0.0,kaesangp
drama,0.0,kaesangp
judul,0.0,kaesangp
perbedaan,0.0,kaesangp
video,0.0,kaesangp
musk,0.0,kaesangp
elon,0.0,kaesangp
gile,0.0,kaesangp
lose,0.0,kaesangp
membaik,0.0,kaesangp
ada,0.0,kaesangp
lambung,0.0,kaesangp
alright,0.0,kaesangp
menghabiskan,0.0,kaesangp
masa,0.0,kaesangp
tua,0.0,kaesangp
jogja,0.0,kaesangp
dulu,0.0,kaesangp
hi,0.0,kaesangp
are,0.0,kaesangp
you,0.0,kaesangp
kesepian,0.0,kaesangp
bahagia,0.0,kaesangp
nyari,0.0,kaesangp
mah,0.0,kaesangp
namanya,0.0,kaesangp
pelarian,0.0,kaesangp
tuh,0.0,kaesangp
coba,0.0,kaesangp
lakuin,0.0,kaesangp
hal,0.0,kaesangp
keinginan,0.0,kaesangp
ko,0.0,kaesangp
ngerasa,0.0,kaesangp
juga,0.0,kaesangp
emang,0.0,kaesangp
kadang,0.0,kaesangp
suka,0.0,kaesangp
rese,0.0,kaesangp
pas,0.0,kaesangp
kumpul,0.0,kaesangp
keluarga,0.0,kaesangp
nanya,0.0,kaesangp
kapan,0.0,kaesangp
nikah,0.0,kaesangp
lulus,0.0,kaesangp
maap,0.0,kaesangp
sama,0.0,kaesangp
kita,0.0,kaesangp
manusia,0.0,kaesangp
bisa,0.0,kaesangp
salah,0.0,kaesangp
bikin,0.0,kaesangp
hidup,0.0,kaesangp
umpan,0.0,kaesangp
move,0.0,kaesangp
emoticon,0.0,kaesangp
adalah,0.0,kaesangp
caraku,0.0,kaesangp
agar,0.0,kaesangp
terlihat,0.0,kaesangp
kaku,0.0,kaesangp
\xf0\x9f\x98\x89,0.0,kaesangp
sudah,0.0,kaesangp
keren,0.0,kaesangp
lu,0.0,kaesangp
banget,0.0,kaesangp
lemah,0.0,kaesangp
besok,0.0,kaesangp
senin,0.0,kaesangp
wuih,0.0,kaesangp
btw,0.0,kaesangp
gimana,0.0,kaesangp
semalem,0.0,kaesangp
dengan,0.0,kaesangp
chat,0.0,kaesangp
mengakhiri,0.0,kaesangp
dasar,0.0,kaesangp
capek,0.0,kaesangp
dikit,0.0,kaesangp
hambok,0.0,kaesangp
bar,0.0,kaesangp
selo,0.0,kaesangp
podo,0.0,kaesangp
waee,0.0,kaesangp
ternyata,0.0,kaesangp
termasuk,0.0,kaesangp
tindakan,0.0,kaesangp
berbahaya,0.0,kaesangp
cupapimunyanyo,0.0,kaesangp
sesekali,0.0,kaesangp
bodoamat,0.0,kaesangp
gitu,0.0,kaesangp
kek,0.0,kaesangp
jadi,0.0,kaesangp
bule,0.0,kaesangp
bicit,0.0,kaesangp
hilih,0.0,kaesangp
siapa,0.0,kaesangp
udah,0.0,kaesangp
sayangan,0.0,kaesangp
kayak,0.0,kaesangp
pasangan,0.0,kaesangp
giliran,0.0,kaesangp
marah,0.0,kaesangp
sedih,0.0,kaesangp
sendiri,0.0,kaesangp
suruh,0.0,kaesangp
hatiku,0.0,kaesangp
kalau,0.0,kaesangp
kejelasan,0.0,kaesangp
hubungan,0.0,kaesangp
gausah,0.0,kaesangp
berharap,0.0,kaesangp
berlebihan,0.0,kaesangp
belajarlah,0.0,kaesangp
untuk,0.0,kaesangp
apa,0.0,kaesangp
belum,0.0,kaesangp
,0.0,kaesangp
komitmen,0.0,kaesangp
orang,0.0,kaesangp
yang,0.0,kaesangp
ngerasain,0.0,kaesangp
sensasi,0.0,kaesangp
punya,0.0,kaesangp
pacar,0.0,kaesangp
tapi,0.0,kaesangp
ga,0.0,kaesangp
pacaran,0.0,kaesangp
maunya,0.0,kaesangp
cuma,0.0,kaesangp
senengnya,0.0,kaesangp
doang,0.0,kaesangp
diperhatiin,0.0,kaesangp
disayang,0.0,kaesangp
sayang,0.0,kaesangp
gamau,0.0,kaesangp
lebih,0.0,kaesangp
dewasa,0.0,kaesangp
ya,0.0,kaesangp
marahan,0.0,kaesangp
hujat,0.0,kaesangp
di,0.0,kaesangp
sosmed,0.0,kaesangp
hujatan,0.0,kaesangp
pikir,0.0,kaesangp
kami,0.0,kaesangp
ini,0.0,kaesangp
tidak,0.0,kaesangp
lihat,0.0,kaesangp
bagaimana,0.0,kaesangp
semangat,0.0,kaesangp
menjalani,0.0,kaesangp
seninmu,0.0,kaesangp
bilang,0.0,kaesangp
padahal,0.0,kaesangp
special,0.0,kaesangp
itu,0.0,kaesangp
saling,0.0,kaesangp
kemesraan,0.0,kaesangp
dijaga,0.0,kaesangp
pamer,0.0,kaesangp
gas,0.0,kaesangp
jadiin,0.0,kaesangp
cewe,0.0,kaesangp
kenapa,0.0,kaesangp
sih,0.0,kaesangp
kalo,0.0,kaesangp
minta,0.0,kaesangp
galak,0.0,kaesangp
yaudah,0.0,kaesangp
kan,0.0,kaesangp
aku,0.0,kaesangp
terserah,0.0,kaesangp
kamu,0.0,kaesangp
aja,0.0,kaesangp
lah,0.0,kaesangp
buat,0.0,kaesangp
kalian,0.0,kaesangp
malam,0.0,kaesangp
minggunya,0.0,kaesangp
hari,0.0,kaesangp
anak,0.0,kaesangp
tayangnya,0.0,kaesangp
dimana,0.0,kaesangp
bilangnya,0.0,kaesangp
bosen,0.0,kaesangp
deketin,0.0,kaesangp
males,0.0,kaesangp
saja,0.0,kaesangp
kelakuan,0.0,kaesangp
muda,0.0,kaesangp
sibuk,0.0,kaesangp
jaman,0.0,kaesangp
sebuah,0.0,kaesangp
cerita,0.0,kaesangp
pendek,0.0,kaesangp
tamat,0.0,kaesangp
yee,0.0,kaesangp
nyalahin,0.0,kaesangp
penulisan,0.0,kaesangp
film,0.0,kaesangp
nonton,0.0,kaesangp
penasaran,0.0,kaesangp
youuu,0.0,kaesangp
sebenernya,0.0,kaesangp
menghindar,0.0,kaesangp
lindungilah,0.0,kaesangp
indonesia,0.0,kaesangp
baik,0.0,kaesangp
dimudahkan,0.0,kaesangp
dilancarkan,0.0,kaesangp
segala,0.0,kaesangp
urusan,0.0,kaesangp
enteng,0.0,kaesangp
mauuuuuu,0.0,kaesangp
s21,0.0,kaesangp
ganteng,0.0,kaesangp
okeh,0.0,kaesangp
catet,0.0,kaesangp
noted,0.0,kaesangp
thank,0.0,kaesangp
tahun,0.0,kaesangp
bener,0.0,kaesangp
susah,0.0,kaesangp
skip,0.0,kaesangp
saat,0.0,kaesangp
kau,0.0,kaesangp
memutuskan,0.0,kaesangp
pergi,0.0,kaesangp
tak,0.0,kaesangp
menemukan,0.0,kaesangp
tinggal,0.0,kaesangp
permisi,0.0,kaesangp
pak,0.0,kaesangp
presiden,0.0,kaesangp
mohon,0.0,kaesangp
izin,0.0,kaesangp
bertanya,0.0,kaesangp
divaksin,0.0,kaesangp
rasanya,0.0,kaesangp
terima,0.0,kaesangp
kasih,0.0,kaesangp
vaksinnya,0.0,kaesangp
melengkung,0.0,kaesangp
idup,0.0,kaesangp
dia,0.0,kaesangp
2020,0.0,kaesangp
2021,0.0,kaesangp
gampang,0.0,kaesangp
\xf0\x9f\xa4\xb7\xf0\x9f\x8f\xbb\xe2\x80\x8d\xe2\x99\x82\xef\xb8\x8f\xf0\x9f\x98\x8c,0.0,kaesangp
tulus,0.0,kaesangp
disangka,0.0,kaesangp
modus,0.0,kaesangp
ah,0.0,kaesangp
aelah,0.0,kaesangp
sep,0.0,kaesangp
jarum,0.0,kaesangp
suntik,0.0,kaesangp
ketemu,0.0,kaesangp
elu,0.0,kaesangp
takut,0.0,kaesangp
marahin,0.0,kaesangp
minder,0.0,kaesangp
atau,0.0,kaesangp
beneran,0.0,kaesangp
minggu,0.0,kaesangp
menggemaskan,0.0,kaesangp
dimulai,0.0,kaesangp
temukan,0.0,kaesangp
jomblo,0.0,kaesangp
reply,0.0,kaesangp
foto,0.0,kaesangp
dan,0.0,kaesangp
caption,0.0,kaesangp
lucu,0.0,kaesangp
rt,0.0,kaesangp
hehe,0.0,kaesangp
pakein,0.0,kaesangp
hestek,0.0,kaesangp
lovestory,0.0,kaesangp
yaa,0.0,kaesangp
good,0.0,kaesangp
luck,0.0,kaesangp
olahraga,0.0,kaesangp
gua,0.0,kaesangp
story,0.0,kaesangp
love,0.0,kaesangp
jodoh,0.0,kaesangp
biro,0.0,kaesangp
cocok,0.0,kaesangp
jadian,0.0,kaesangp
gih,0.0,kaesangp
pada,0.0,kaesangp
jatuh,0.0,kaesangp
cinta,0.0,kaesangp
harus,0.0,kaesangp
patah,0.0,kaesangp
hati,0.0,kaesangp
selamaaatttt,0.0,kaesangp
\xf0\x9f\xa5\xb0\xf0\x9f\xa5\xb0\xf0\x9f\xa5\xb0,0.0,kaesangp
dear,0.0,kaesangp
twitter,0.0,kaesangp
please,0.0,kaesangp
do,0.0,kaesangp
your,0.0,kaesangp
magic,0.0,kaesangp
biasa,0.0,kaesangp
futsal,0.0,kaesangp
malem,0.0,kaesangp
semua,0.0,kaesangp
dalam,0.0,kaesangp
lindungan,0.0,kaesangp
aamiin,0.0,kaesangp
janji,0.0,kaesangp
sekedar,0.0,kaesangp
apalah,0.0,kaesangp
artinya,0.0,kaesangp
tanpa,0.0,kaesangp
bukti,0.0,kaesangp
sesibuk,0.0,kaesangp
sibuknya,0.0,kaesangp
dari,0.0,kaesangp
tetep,0.0,kaesangp
fast,0.0,kaesangp
respon,0.0,kaesangp
bodohnya,0.0,kaesangp
bakal,0.0,kaesangp
selalu,0.0,kaesangp
terkena,0.0,kaesangp
info,0.0,kaesangp
saudara,0.0,kaesangp
senyum,0.0,kaesangp
manis,0.0,kaesangp
iya,0.0,kaesangp
turut,0.0,kaesangp
berduka,0.0,kaesangp
atas,0.0,kaesangp
bencana,0.0,kaesangp
gempa,0.0,kaesangp
sulbar,0.0,kaesangp
banjir,0.0,kaesangp
kalsel,0.0,kaesangp
longsor,0.0,kaesangp
sumedang,0.0,kaesangp
semoga,0.0,kaesangp
allah,0.0,kaesangp
meringankan,0.0,kaesangp
beban,0.0,kaesangp
suaranyaaaaaaa,0.0,kaesangp
,TFIDF,username
selamat,0.013316512589916483,jeromepolin
menonton,0.009321558812941538,jeromepolin
jiwa,0.006658256294958241,jeromepolin
matematika,0.006658256294958241,jeromepolin
makin,0.006658256294958241,jeromepolin
orang,0.005897674299755119,jeromepolin
gak,0.005897674299755119,jeromepolin
ngerjain,0.005326605035966593,jeromepolin
banyak,0.005326605035966593,jeromepolin
bgt,0.005326605035966593,jeromepolin
jepang,0.005326605035966593,jeromepolin
youtube,0.003994953776974944,jeromepolin
gapapa,0.003994953776974944,jeromepolin
wkwkwkkw,0.003994953776974944,jeromepolin
tragedi,0.003994953776974944,jeromepolin
wkwkkw,0.003994953776974944,jeromepolin
bareng,0.003994953776974944,jeromepolin
vs,0.003994953776974944,jeromepolin
video,0.003994953776974944,jeromepolin
rewind,0.003994953776974944,jeromepolin
lain,0.003931782866503412,jeromepolin
mau,0.0029488371498775593,jeromepolin
chef,0.0026633025179832967,jeromepolin
the,0.0026633025179832967,jeromepolin
mantappu,0.0026633025179832967,jeromepolin
sambil,0.0026633025179832967,jeromepolin
bilangan,0.0026633025179832967,jeromepolin
jgn,0.0026633025179832967,jeromepolin
okay,0.0026633025179832967,jeromepolin
its,0.0026633025179832967,jeromepolin
perbedaan,0.0026633025179832967,jeromepolin
jessica,0.0026633025179832967,jeromepolin
prima,0.0026633025179832967,jeromepolin
dunia,0.0026633025179832967,jeromepolin
konten,0.0026633025179832967,jeromepolin
behind,0.0026633025179832967,jeromepolin
resolusi,0.0026633025179832967,jeromepolin
yok,0.0026633025179832967,jeromepolin
sesuatu,0.0026633025179832967,jeromepolin
menghibur,0.0026633025179832967,jeromepolin
jane,0.0026633025179832967,jeromepolin
rumus,0.0026633025179832967,jeromepolin
challenge,0.0026633025179832967,jeromepolin
terharu,0.0026633025179832967,jeromepolin
kali,0.0026633025179832967,jeromepolin
bapack,0.0026633025179832967,jeromepolin
bu,0.0026633025179832967,jeromepolin
risma,0.0026633025179832967,jeromepolin
life,0.0026633025179832967,jeromepolin
ngelakuin,0.0026633025179832967,jeromepolin
wkkwkw,0.0026633025179832967,jeromepolin
ibu,0.0026633025179832967,jeromepolin
wkwkkwkwkw,0.0026633025179832967,jeromepolin
indonesia,0.0024573642915646328,jeromepolin
aku,0.001965891433251706,jeromepolin
2,0.001965891433251706,jeromepolin
mantap,0.001965891433251706,jeromepolin
bikin,0.001965891433251706,jeromepolin
baru,0.001965891433251706,jeromepolin
gitu,0.0014744185749387797,jeromepolin
baik,0.0014744185749387797,jeromepolin
depan,0.0014744185749387797,jeromepolin
kenapa,0.0014744185749387797,jeromepolin
padahal,0.0014744185749387797,jeromepolin
2021,0.0014744185749387797,jeromepolin
bukan,0.0014744185749387797,jeromepolin
kunci,0.0013316512589916483,jeromepolin
terbaik,0.0013316512589916483,jeromepolin
memang\xf0\x9f\x98\x9a,0.0013316512589916483,jeromepolin
okay\xe2\x98\xba\xef\xb8\x8f,0.0013316512589916483,jeromepolin
mimpiiii,0.0013316512589916483,jeromepolin
kakak,0.0013316512589916483,jeromepolin
ngeri,0.0013316512589916483,jeromepolin
aseeeekkk,0.0013316512589916483,jeromepolin
tsana,0.0013316512589916483,jeromepolin
event,0.0013316512589916483,jeromepolin
bah,0.0013316512589916483,jeromepolin
satu,0.0013316512589916483,jeromepolin
hhahahaha,0.0013316512589916483,jeromepolin
insecure,0.0013316512589916483,jeromepolin
aduh,0.0013316512589916483,jeromepolin
sedih\xf0\x9f\xa5\xb0,0.0013316512589916483,jeromepolin
sedang,0.0013316512589916483,jeromepolin
abang,0.0013316512589916483,jeromepolin
wkwkwkwk,0.0013316512589916483,jeromepolin
kitaaaa,0.0013316512589916483,jeromepolin
sing,0.0013316512589916483,jeromepolin
menaklukkan,0.0013316512589916483,jeromepolin
ngomongin,0.0013316512589916483,jeromepolin
judul2,0.0013316512589916483,jeromepolin
baruuu,0.0013316512589916483,jeromepolin
wkkwkwk,0.0013316512589916483,jeromepolin
korea,0.0013316512589916483,jeromepolin
china,0.0013316512589916483,jeromepolin
part,0.0013316512589916483,jeromepolin
relate,0.0013316512589916483,jeromepolin
drakornya,0.0013316512589916483,jeromepolin
lets,0.0013316512589916483,jeromepolin
goo,0.0013316512589916483,jeromepolin
diomongin,0.0013316512589916483,jeromepolin
empatinya,0.0013316512589916483,jeromepolin
pantesan,0.0013316512589916483,jeromepolin
terkadang,0.0013316512589916483,jeromepolin
psiko,0.0013316512589916483,jeromepolin
meskipun,0.0013316512589916483,jeromepolin
be,0.0013316512589916483,jeromepolin
not,0.0013316512589916483,jeromepolin
dibenci,0.0013316512589916483,jeromepolin
drama,0.0013316512589916483,jeromepolin
judul,0.0013316512589916483,jeromepolin
musk,0.0013316512589916483,jeromepolin
elon,0.0013316512589916483,jeromepolin
gile,0.0013316512589916483,jeromepolin
lose,0.0013316512589916483,jeromepolin
membenci,0.0013316512589916483,jeromepolin
isi,0.0013316512589916483,jeromepolin
suaranyaaaaaaa,0.0013316512589916483,jeromepolin
bener2,0.0013316512589916483,jeromepolin
es,0.0013316512589916483,jeromepolin
lainnya,0.0013316512589916483,jeromepolin
cakepan,0.0013316512589916483,jeromepolin
gambare,0.0013316512589916483,jeromepolin
asline,0.0013316512589916483,jeromepolin
pedes,0.0013316512589916483,jeromepolin
kerjain,0.0013316512589916483,jeromepolin
soal,0.0013316512589916483,jeromepolin
supaya,0.0013316512589916483,jeromepolin
asik,0.0013316512589916483,jeromepolin
kayaknya,0.0013316512589916483,jeromepolin
hayo,0.0013316512589916483,jeromepolin
ngaku,0.0013316512589916483,jeromepolin
jeremi,0.0013316512589916483,jeromepolin
poling,0.0013316512589916483,jeromepolin
jeremy,0.0013316512589916483,jeromepolin
buruk,0.0013316512589916483,jeromepolin
hal2,0.0013316512589916483,jeromepolin
dijauhkan,0.0013316512589916483,jeromepolin
jari,0.0013316512589916483,jeromepolin
pernah,0.0013316512589916483,jeromepolin
cabut,0.0013316512589916483,jeromepolin
kulit,0.0013316512589916483,jeromepolin
kering,0.0013316512589916483,jeromepolin
deket,0.0013316512589916483,jeromepolin
kuku,0.0013316512589916483,jeromepolin
tangan,0.0013316512589916483,jeromepolin
membaik,0.0013316512589916483,jeromepolin
kepanjangan,0.0013316512589916483,jeromepolin
perih,0.0013316512589916483,jeromepolin
enak,0.0013316512589916483,jeromepolin
awkkakwkwakwkawkawkwa,0.0013316512589916483,jeromepolin
seni,0.0013316512589916483,jeromepolin
fashion,0.0013316512589916483,jeromepolin
wkkwkwkwkwkwkw,0.0013316512589916483,jeromepolin
krim,0.0013316512589916483,jeromepolin
engagement,0.0013316512589916483,jeromepolin
roti,0.0013316512589916483,jeromepolin
suatu,0.0013316512589916483,jeromepolin
ig,0.0013316512589916483,jeromepolin
pikirin,0.0013316512589916483,jeromepolin
baik2,0.0013316512589916483,jeromepolin
keluargamu,0.0013316512589916483,jeromepolin
mengalami,0.0013316512589916483,jeromepolin
kira2,0.0013316512589916483,jeromepolin
candaan,0.0013316512589916483,jeromepolin
alami,0.0013316512589916483,jeromepolin
something,0.0013316512589916483,jeromepolin
want,0.0013316512589916483,jeromepolin
people,0.0013316512589916483,jeromepolin
tiap,0.0013316512589916483,jeromepolin
sengaja,0.0013316512589916483,jeromepolin
emosi,0.0013316512589916483,jeromepolin
sebelum,0.0013316512589916483,jeromepolin
huftt,0.0013316512589916483,jeromepolin
awkoakowakoawkoawk,0.0013316512589916483,jeromepolin
honomi,0.0013316512589916483,jeromepolin
tawar,0.0013316512589916483,jeromepolin
battle,0.0013316512589916483,jeromepolin
tes,0.0013316512589916483,jeromepolin
iq,0.0013316512589916483,jeromepolin
lawan,0.0013316512589916483,jeromepolin
tomo,0.0013316512589916483,jeromepolin
jago,0.0013316512589916483,jeromepolin
thankyouu,0.0013316512589916483,jeromepolin
yak,0.0013316512589916483,jeromepolin
sekalian,0.0013316512589916483,jeromepolin
latihan,0.0013316512589916483,jeromepolin
otak,0.0013316512589916483,jeromepolin
asikk,0.0013316512589916483,jeromepolin
hehhe,0.0013316512589916483,jeromepolin
akhir2,0.0013316512589916483,jeromepolin
other,0.0013316512589916483,jeromepolin
masi,0.0013316512589916483,jeromepolin
keuwuan,0.0013316512589916483,jeromepolin
public,0.0013316512589916483,jeromepolin
mas,0.0013316512589916483,jeromepolin
hansol,0.0013316512589916483,jeromepolin
pecah,0.0013316512589916483,jeromepolin
januari,0.0013316512589916483,jeromepolin
bulan,0.0013316512589916483,jeromepolin
penonton,0.0013316512589916483,jeromepolin
disia,0.0013316512589916483,jeromepolin
reaction,0.0013316512589916483,jeromepolin
siain,0.0013316512589916483,jeromepolin
gaenak,0.0013316512589916483,jeromepolin
kmrn,0.0013316512589916483,jeromepolin
dri,0.0013316512589916483,jeromepolin
minder2,0.0013316512589916483,jeromepolin
mulu,0.0013316512589916483,jeromepolin
oke,0.0013316512589916483,jeromepolin
go,0.0013316512589916483,jeromepolin
berat\xf0\x9f\x98\xad\xf0\x9f\x98\x82,0.0013316512589916483,jeromepolin
detik,0.0013316512589916483,jeromepolin
cool,0.0013316512589916483,jeromepolin
wihhh,0.0013316512589916483,jeromepolin
jiwaaaaa,0.0013316512589916483,jeromepolin
niat,0.0013316512589916483,jeromepolin
kokkk,0.0013316512589916483,jeromepolin
scenenya,0.0013316512589916483,jeromepolin
sii,0.0013316512589916483,jeromepolin
hasilnya,0.0013316512589916483,jeromepolin
rcti,0.0013316512589916483,jeromepolin
vision,0.0013316512589916483,jeromepolin
terlalu,0.0013316512589916483,jeromepolin
wkakakkakakaka,0.0013316512589916483,jeromepolin
scene,0.0013316512589916483,jeromepolin
partku,0.0013316512589916483,jeromepolin
kuat,0.0013316512589916483,jeromepolin
disuruh,0.0013316512589916483,jeromepolin
kerasa,0.0013316512589916483,jeromepolin
lama,0.0013316512589916483,jeromepolin
kuliah,0.0013316512589916483,jeromepolin
masak,0.0013316512589916483,jeromepolin
amp,0.0013316512589916483,jeromepolin
ft,0.0013316512589916483,jeromepolin
seru,0.0013316512589916483,jeromepolin
tan90,0.0013316512589916483,jeromepolin
\xce\xb2,0.0013316512589916483,jeromepolin
kepada,0.0013316512589916483,jeromepolin
adem,0.0013316512589916483,jeromepolin
natal,0.0013316512589916483,jeromepolin
wadidaw,0.0013316512589916483,jeromepolin
oh,0.0013316512589916483,jeromepolin
\xe2\x98\xba\xef\xb8\x8f,0.0013316512589916483,jeromepolin
wkwkkwkw,0.0013316512589916483,jeromepolin
joke,0.0013316512589916483,jeromepolin
acara,0.0013316512589916483,jeromepolin
is,0.0013316512589916483,jeromepolin
fisika,0.0013316512589916483,jeromepolin
helo,0.0013316512589916483,jeromepolin
tugas,0.0013316512589916483,jeromepolin
aaaaa,0.0013316512589916483,jeromepolin
angka,0.0013316512589916483,jeromepolin
wkwkkwkwkwkw,0.0013316512589916483,jeromepolin
heran,0.0013316512589916483,jeromepolin
ngomong,0.0013316512589916483,jeromepolin
berdasarkan,0.0013316512589916483,jeromepolin
media,0.0013316512589916483,jeromepolin
sosial,0.0013316512589916483,jeromepolin
medsos,0.0013316512589916483,jeromepolin
sepanjang,0.0013316512589916483,jeromepolin
nyata,0.0013316512589916483,jeromepolin
seringkali,0.0013316512589916483,jeromepolin
berbeda,0.0013316512589916483,jeromepolin
awkawkwakakwawkkaw,0.0013316512589916483,jeromepolin
kerjaan,0.0013316512589916483,jeromepolin
mood,0.0013316512589916483,jeromepolin
bangun,0.0013316512589916483,jeromepolin
mantapppp,0.0013316512589916483,jeromepolin
ditunggu2,0.0013316512589916483,jeromepolin
awali,0.0013316512589916483,jeromepolin
menyenangkan,0.0013316512589916483,jeromepolin
katanya,0.0013316512589916483,jeromepolin
arnold,0.0013316512589916483,jeromepolin
pusing,0.0013316512589916483,jeromepolin
si,0.0013316512589916483,jeromepolin
liatnya,0.0013316512589916483,jeromepolin
perlombaan,0.0013316512589916483,jeromepolin
lomba,0.0013316512589916483,jeromepolin
berusaha,0.0013316512589916483,jeromepolin
ngalahin,0.0013316512589916483,jeromepolin
akhirnya,0.0013316512589916483,jeromepolin
membuat,0.0013316512589916483,jeromepolin
stress2,0.0013316512589916483,jeromepolin
jalan,0.0013316512589916483,jeromepolin
fraction,0.0013316512589916483,jeromepolin
ilmu,0.0013316512589916483,jeromepolin
ngakak,0.0013316512589916483,jeromepolin
abis,0.0013316512589916483,jeromepolin
wkwkwk,0.0013316512589916483,jeromepolin
orang2,0.0013316512589916483,jeromepolin
dah,0.0013316512589916483,jeromepolin
pertanda,0.0013316512589916483,jeromepolin
semakin,0.0013316512589916483,jeromepolin
sehari,0.0013316512589916483,jeromepolin
yusuke,0.0013316512589916483,jeromepolin
daily,0.0013316512589916483,jeromepolin
mahasiswa,0.0013316512589916483,jeromepolin
bermanfaat,0.0013316512589916483,jeromepolin
menunya,0.0013316512589916483,jeromepolin
ngantri,0.0013316512589916483,jeromepolin
nemenin,0.0013316512589916483,jeromepolin
kekosongan,0.0013316512589916483,jeromepolin
whisper,0.0013316512589916483,jeromepolin
temen2,0.0013316512589916483,jeromepolin
beda2,0.0013316512589916483,jeromepolin
asdfghkl,0.0013316512589916483,jeromepolin
iseng2,0.0013316512589916483,jeromepolin
wow,0.0013316512589916483,jeromepolin
ngeliat,0.0013316512589916483,jeromepolin
mana,0.0013316512589916483,jeromepolin
saran,0.0013316512589916483,jeromepolin
stop,0.0013316512589916483,jeromepolin
rebahan,0.0013316512589916483,jeromepolin
ngepost,0.0013316512589916483,jeromepolin
hey,0.0013316512589916483,jeromepolin
wkwkwlwkw\xf0\x9f\x98\x82,0.0013316512589916483,jeromepolin
wii,0.0013316512589916483,jeromepolin
wah,0.0013316512589916483,jeromepolin
5,0.0013316512589916483,jeromepolin
3,0.0013316512589916483,jeromepolin
4,0.0013316512589916483,jeromepolin
\xe2\x88\x9a400,0.0013316512589916483,jeromepolin
partial,0.0013316512589916483,jeromepolin
langka,0.0013316512589916483,jeromepolin
dilakukan,0.0013316512589916483,jeromepolin
43x47,0.0013316512589916483,jeromepolin
2491,0.0013316512589916483,jeromepolin
47x53,0.0013316512589916483,jeromepolin
berikutnya,0.0013316512589916483,jeromepolin
1763,0.0013316512589916483,jeromepolin
41x43,0.0013316512589916483,jeromepolin
nemu,0.0013316512589916483,jeromepolin
sebelumnya,0.0013316512589916483,jeromepolin
berurutan,0.0013316512589916483,jeromepolin
hasil,0.0013316512589916483,jeromepolin
daftar,0.0013316512589916483,jeromepolin
rasanya,0.000982945716625853,jeromepolin
ikut,0.000982945716625853,jeromepolin
kalah,0.000982945716625853,jeromepolin
sampe,0.000982945716625853,jeromepolin
to,0.000982945716625853,jeromepolin
liat,0.000982945716625853,jeromepolin
tentang,0.000982945716625853,jeromepolin
ga,0.000982945716625853,jeromepolin
pake,0.000982945716625853,jeromepolin
terakhir,0.000982945716625853,jeromepolin
minggu,0.000982945716625853,jeromepolin
belom,0.000982945716625853,jeromepolin
anda,0.000982945716625853,jeromepolin
cocok,0.000982945716625853,jeromepolin
kayak,0.000982945716625853,jeromepolin
anak,0.000982945716625853,jeromepolin
sebenernya,0.000982945716625853,jeromepolin
kadang,0.000982945716625853,jeromepolin
film,0.000982945716625853,jeromepolin
hal,0.000982945716625853,jeromepolin
you,0.000982945716625853,jeromepolin
do,0.000982945716625853,jeromepolin
btw,0.000982945716625853,jeromepolin
kaya,0.0004914728583129266,jeromepolin
soalnya,0.0004914728583129266,jeromepolin
kalian,0.0004914728583129266,jeromepolin
paling,0.0004914728583129266,jeromepolin
1,0.0004914728583129266,jeromepolin
sibuk,0.0004914728583129266,jeromepolin
woi,0.0004914728583129266,jeromepolin
kok,0.0004914728583129266,jeromepolin
pas,0.0004914728583129266,jeromepolin
nikah,0.0004914728583129266,jeromepolin
takut,0.0004914728583129266,jeromepolin
baca,0.0004914728583129266,jeromepolin
masa,0.0004914728583129266,jeromepolin
makasih,0.0004914728583129266,jeromepolin
yg,0.0004914728583129266,jeromepolin
ke,0.0004914728583129266,jeromepolin
segera,0.0004914728583129266,jeromepolin
tau,0.0004914728583129266,jeromepolin
makan,0.0004914728583129266,jeromepolin
tidur,0.0004914728583129266,jeromepolin
capek,0.0004914728583129266,jeromepolin
mikir,0.0004914728583129266,jeromepolin
story,0.0004914728583129266,jeromepolin
pacar,0.0004914728583129266,jeromepolin
artinya,0.0004914728583129266,jeromepolin
saja,0.0004914728583129266,jeromepolin
males,0.0004914728583129266,jeromepolin
begini,0.0004914728583129266,jeromepolin
sebuah,0.0004914728583129266,jeromepolin
8,0.0004914728583129266,jeromepolin
apakah,0.0004914728583129266,jeromepolin
bahan,0.0004914728583129266,jeromepolin
pak,0.0004914728583129266,jeromepolin
jadiin,0.0004914728583129266,jeromepolin
suruh,0.0004914728583129266,jeromepolin
jarum,0.0004914728583129266,jeromepolin
kan,0.0004914728583129266,jeromepolin
doang,0.0004914728583129266,jeromepolin
suntik,0.0004914728583129266,jeromepolin
trader,0.0,jeromepolin
nih,0.0,jeromepolin
muatan,0.0,jeromepolin
akankah,0.0,jeromepolin
hehehehehe,0.0,jeromepolin
ngebid,0.0,jeromepolin
antm,0.0,jeromepolin
sebelom,0.0,jeromepolin
penutupan,0.0,jeromepolin
apaan,0.0,jeromepolin
gila,0.0,jeromepolin
dibikin,0.0,jeromepolin
fundamentalnya,0.0,jeromepolin
2juta,0.0,jeromepolin
day,0.0,jeromepolin
lot,0.0,jeromepolin
percaya,0.0,jeromepolin
540,0.0,jeromepolin
wkwkwkwkwkw,0.0,jeromepolin
tambah,0.0,jeromepolin
terbendung,0.0,jeromepolin
panjangnya,0.0,jeromepolin
hantam,0.0,jeromepolin
tadi,0.0,jeromepolin
jangka,0.0,jeromepolin
nambah,0.0,jeromepolin
disc,0.0,jeromepolin
pgas,0.0,jeromepolin
dikirim,0.0,jeromepolin
cuanmin,0.0,jeromepolin
sekali,0.0,jeromepolin
yup,0.0,jeromepolin
jebol,0.0,jeromepolin
nunggu,0.0,jeromepolin
4000,0.0,jeromepolin
cpo,0.0,jeromepolin
naik,0.0,jeromepolin
beberapa,0.0,jeromepolin
produksinya,0.0,jeromepolin
menurun,0.0,jeromepolin
hmm,0.0,jeromepolin
hepi,0.0,jeromepolin
yowes,0.0,jeromepolin
serok,0.0,jeromepolin
deh,0.0,jeromepolin
tanya,0.0,jeromepolin
sana,0.0,jeromepolin
10,0.0,jeromepolin
hindari,0.0,jeromepolin
pemikiran,0.0,jeromepolin
investasi,0.0,jeromepolin
saham,0.0,jeromepolin
akan,0.0,jeromepolin
mendadak,0.0,jeromepolin
proses,0.0,jeromepolin
nasi,0.0,jeromepolin
hold,0.0,jeromepolin
keras,0.0,jeromepolin
nikmatin,0.0,jeromepolin
usah,0.0,jeromepolin
padang,0.0,jeromepolin
rank,0.0,jeromepolin
up,0.0,jeromepolin
average,0.0,jeromepolin
lakukan,0.0,jeromepolin
profit,0.0,jeromepolin
take,0.0,jeromepolin
gokil,0.0,jeromepolin
push,0.0,jeromepolin
inspirasi,0.0,jeromepolin
buru,0.0,jeromepolin
diburu,0.0,jeromepolin
komoditas,0.0,jeromepolin
analisa,0.0,jeromepolin
\xf0\x9f\x90\x82,0.0,jeromepolin
banyaknya,0.0,jeromepolin
kekuatan,0.0,jeromepolin
retail,0.0,jeromepolin
volumenya,0.0,jeromepolin
segitu,0.0,jeromepolin
ngegas,0.0,jeromepolin
loncat,0.0,jeromepolin
ding,0.0,jeromepolin
kemaren,0.0,jeromepolin
wa,0.0,jeromepolin
rapat,0.0,jeromepolin
operasional,0.0,jeromepolin
jam,0.0,jeromepolin
08,0.0,jeromepolin
55,0.0,jeromepolin
nyalain,0.0,jeromepolin
lilin,0.0,jeromepolin
mendapatkan,0.0,jeromepolin
kekuatannya,0.0,jeromepolin
yp,0.0,jeromepolin
analisinya,0.0,jeromepolin
pegangan,0.0,jeromepolin
sendok,0.0,jeromepolin
garpu,0.0,jeromepolin
maafkan,0.0,jeromepolin
bekal,0.0,jeromepolin
telor,0.0,jeromepolin
ceplok,0.0,jeromepolin
sambel,0.0,jeromepolin
alhamdulillah,0.0,jeromepolin
maksudnya,0.0,jeromepolin
sp,0.0,jeromepolin
mari,0.0,jeromepolin
menunggu,0.0,jeromepolin
kurang,0.0,jeromepolin
berdoa,0.0,jeromepolin
pakai,0.0,jeromepolin
ihsg,0.0,jeromepolin
investor,0.0,jeromepolin
lha,0.0,jeromepolin
wong,0.0,jeromepolin
ayam,0.0,jeromepolin
bagus2,0.0,jeromepolin
komennya,0.0,jeromepolin
nyebelin,0.0,jeromepolin
menarique,0.0,jeromepolin
ngapain,0.0,jeromepolin
khawatir,0.0,jeromepolin
dikasih,0.0,jeromepolin
kesempatan,0.0,jeromepolin
mending,0.0,jeromepolin
ayo,0.0,jeromepolin
\xf0\x9f\x99\x8f\xf0\x9f\x8f\xbd,0.0,jeromepolin
ada,0.0,jeromepolin
tantangan,0.0,jeromepolin
semalem,0.0,jeromepolin
kaku,0.0,jeromepolin
\xf0\x9f\x98\x89,0.0,jeromepolin
sudah,0.0,jeromepolin
move,0.0,jeromepolin
on,0.0,jeromepolin
keren,0.0,jeromepolin
banget,0.0,jeromepolin
lemah,0.0,jeromepolin
besok,0.0,jeromepolin
senin,0.0,jeromepolin
wuih,0.0,jeromepolin
gimana,0.0,jeromepolin
malam,0.0,jeromepolin
dear,0.0,jeromepolin
minggunya,0.0,jeromepolin
dapet,0.0,jeromepolin
hari,0.0,jeromepolin
jadian,0.0,jeromepolin
gih,0.0,jeromepolin
pada,0.0,jeromepolin
jatuh,0.0,jeromepolin
cinta,0.0,jeromepolin
harus,0.0,jeromepolin
patah,0.0,jeromepolin
hati,0.0,jeromepolin
selamaaatttt,0.0,jeromepolin
terlihat,0.0,jeromepolin
agar,0.0,jeromepolin
caraku,0.0,jeromepolin
adalah,0.0,jeromepolin
lakuin,0.0,jeromepolin
bahagia,0.0,jeromepolin
hidup,0.0,jeromepolin
lu,0.0,jeromepolin
dikit,0.0,jeromepolin
langsung,0.0,jeromepolin
hambok,0.0,jeromepolin
bar,0.0,jeromepolin
selo,0.0,jeromepolin
podo,0.0,jeromepolin
waee,0.0,jeromepolin
ternyata,0.0,jeromepolin
termasuk,0.0,jeromepolin
tindakan,0.0,jeromepolin
berbahaya,0.0,jeromepolin
cupapimunyanyo,0.0,jeromepolin
sesekali,0.0,jeromepolin
bodoamat,0.0,jeromepolin
kek,0.0,jeromepolin
jadi,0.0,jeromepolin
dasar,0.0,jeromepolin
mengakhiri,0.0,jeromepolin
chat,0.0,jeromepolin
dengan,0.0,jeromepolin
emoticon,0.0,jeromepolin
\xf0\x9f\xa5\xb0\xf0\x9f\xa5\xb0\xf0\x9f\xa5\xb0,0.0,jeromepolin
twitter,0.0,jeromepolin
tuh,0.0,jeromepolin
kalsel,0.0,jeromepolin
malem,0.0,jeromepolin
info,0.0,jeromepolin
senyum,0.0,jeromepolin
manis,0.0,jeromepolin
iya,0.0,jeromepolin
turut,0.0,jeromepolin
berduka,0.0,jeromepolin
atas,0.0,jeromepolin
bencana,0.0,jeromepolin
gempa,0.0,jeromepolin
sulbar,0.0,jeromepolin
banjir,0.0,jeromepolin
longsor,0.0,jeromepolin
please,0.0,jeromepolin
sumedang,0.0,jeromepolin
semoga,0.0,jeromepolin
allah,0.0,jeromepolin
meringankan,0.0,jeromepolin
beban,0.0,jeromepolin
saudara,0.0,jeromepolin
terkena,0.0,jeromepolin
semua,0.0,jeromepolin
selalu,0.0,jeromepolin
dalam,0.0,jeromepolin
lindungan,0.0,jeromepolin
aamiin,0.0,jeromepolin
futsal,0.0,jeromepolin
biasa,0.0,jeromepolin
seperti,0.0,jeromepolin
gua,0.0,jeromepolin
your,0.0,jeromepolin
magic,0.0,jeromepolin
biro,0.0,jeromepolin
jodoh,0.0,jeromepolin
love,0.0,jeromepolin
dimulai,0.0,jeromepolin
temukan,0.0,jeromepolin
jomblo,0.0,jeromepolin
reply,0.0,jeromepolin
foto,0.0,jeromepolin
dan,0.0,jeromepolin
caption,0.0,jeromepolin
lucu,0.0,jeromepolin
menggemaskan,0.0,jeromepolin
jangan,0.0,jeromepolin
lupa,0.0,jeromepolin
rt,0.0,jeromepolin
pakein,0.0,jeromepolin
hestek,0.0,jeromepolin
lovestory,0.0,jeromepolin
yaa,0.0,jeromepolin
good,0.0,jeromepolin
luck,0.0,jeromepolin
gaes,0.0,jeromepolin
olahraga,0.0,jeromepolin
coba,0.0,jeromepolin
pelarian,0.0,jeromepolin
kerja,0.0,jeromepolin
cewe,0.0,jeromepolin
kejelasan,0.0,jeromepolin
hubungan,0.0,jeromepolin
gausah,0.0,jeromepolin
berharap,0.0,jeromepolin
berlebihan,0.0,jeromepolin
belajarlah,0.0,jeromepolin
untuk,0.0,jeromepolin
lebih,0.0,jeromepolin
dewasa,0.0,jeromepolin
ya,0.0,jeromepolin
dijaga,0.0,jeromepolin
gas,0.0,jeromepolin
sih,0.0,jeromepolin
kemesraan,0.0,jeromepolin
kalo,0.0,jeromepolin
minta,0.0,jeromepolin
maaf,0.0,jeromepolin
malah,0.0,jeromepolin
galak,0.0,jeromepolin
yaudah,0.0,jeromepolin
penting,0.0,jeromepolin
terserah,0.0,jeromepolin
kamu,0.0,jeromepolin
aja,0.0,jeromepolin
lah,0.0,jeromepolin
buat,0.0,jeromepolin
kalau,0.0,jeromepolin
siapa,0.0,jeromepolin
sendiri,0.0,jeromepolin
sedih,0.0,jeromepolin
yang,0.0,jeromepolin
pengen,0.0,jeromepolin
ngerasain,0.0,jeromepolin
sensasi,0.0,jeromepolin
punya,0.0,jeromepolin
tapi,0.0,jeromepolin
siap,0.0,jeromepolin
pacaran,0.0,jeromepolin
maunya,0.0,jeromepolin
cuma,0.0,jeromepolin
senengnya,0.0,jeromepolin
diperhatiin,0.0,jeromepolin
disayang,0.0,jeromepolin
sayang,0.0,jeromepolin
gamau,0.0,jeromepolin
komitmen,0.0,jeromepolin
,0.0,jeromepolin
belum,0.0,jeromepolin
apa,0.0,jeromepolin
udah,0.0,jeromepolin
sayangan,0.0,jeromepolin
pasangan,0.0,jeromepolin
giliran,0.0,jeromepolin
ditinggal,0.0,jeromepolin
marah,0.0,jeromepolin
pamer,0.0,jeromepolin
terus,0.0,jeromepolin
namanya,0.0,jeromepolin
sekarang,0.0,jeromepolin
keluarga,0.0,jeromepolin
nanya,0.0,jeromepolin
kapan,0.0,jeromepolin
lulus,0.0,jeromepolin
maap,0.0,jeromepolin
sama,0.0,jeromepolin
kita,0.0,jeromepolin
manusia,0.0,jeromepolin
bisa,0.0,jeromepolin
salah,0.0,jeromepolin
juga,0.0,jeromepolin
mulai,0.0,jeromepolin
ngerasa,0.0,jeromepolin
marahan,0.0,jeromepolin
ko,0.0,jeromepolin
keinginan,0.0,jeromepolin
menghabiskan,0.0,jeromepolin
tua,0.0,jeromepolin
jogja,0.0,jeromepolin
dulu,0.0,jeromepolin
hi,0.0,jeromepolin
are,0.0,jeromepolin
alright,0.0,jeromepolin
kesepian,0.0,jeromepolin
nyari,0.0,jeromepolin
mah,0.0,jeromepolin
kumpul,0.0,jeromepolin
apalagi,0.0,jeromepolin
rese,0.0,jeromepolin
suka,0.0,jeromepolin
saling,0.0,jeromepolin
hujat,0.0,jeromepolin
di,0.0,jeromepolin
sosmed,0.0,jeromepolin
nanti,0.0,jeromepolin
lagi,0.0,jeromepolin
hujatan,0.0,jeromepolin
pikir,0.0,jeromepolin
kami,0.0,jeromepolin
ini,0.0,jeromepolin
tidak,0.0,jeromepolin
lihat,0.0,jeromepolin
bagaimana,0.0,jeromepolin
semangat,0.0,jeromepolin
menjalani,0.0,jeromepolin
seninmu,0.0,jeromepolin
butuh,0.0,jeromepolin
bilang,0.0,jeromepolin
special,0.0,jeromepolin
itu,0.0,jeromepolin
hatiku,0.0,jeromepolin
hilih,0.0,jeromepolin
bicit,0.0,jeromepolin
bule,0.0,jeromepolin
emang,0.0,jeromepolin
janji,0.0,jeromepolin
hanya,0.0,jeromepolin
sekedar,0.0,jeromepolin
sepatu,0.0,jeromepolin
buka,0.0,jeromepolin
pagi,0.0,jeromepolin
tolong,0.0,jeromepolin
ingetin,0.0,jeromepolin
biar,0.0,jeromepolin
saya,0.0,jeromepolin
manga,0.0,jeromepolin
my,0.0,jeromepolin
hero,0.0,jeromepolin
academia,0.0,jeromepolin
vol3,0.0,jeromepolin
dm,0.0,jeromepolin
lari,0.0,jeromepolin
eor,0.0,jeromepolin
buatan,0.0,jeromepolin
lokal,0.0,jeromepolin
bagus,0.0,jeromepolin
dipelajari,0.0,jeromepolin
dipahami,0.0,jeromepolin
terlebih,0.0,jeromepolin
dahulu,0.0,jeromepolin
pelajari,0.0,jeromepolin
fundamental,0.0,jeromepolin
teknikal,0.0,jeromepolin
analisisnya,0.0,jeromepolin
perusahaannya,0.0,jeromepolin
sabar,0.0,jeromepolin
habis,0.0,jeromepolin
13,0.0,jeromepolin
roe,0.0,jeromepolin
sangat,0.0,jeromepolin
sehat,0.0,jeromepolin
walaupun,0.0,jeromepolin
covid,0.0,jeromepolin
melanda,0.0,jeromepolin
posisi,0.0,jeromepolin
plus,0.0,jeromepolin
dividend,0.0,jeromepolin
besar,0.0,jeromepolin
setiap,0.0,jeromepolin
perusahaan,0.0,jeromepolin
layak,0.0,jeromepolin
dihargai,0.0,jeromepolin
pe,0.0,jeromepolin
10x,0.0,jeromepolin
pbv,0.0,jeromepolin
minimal,0.0,jeromepolin
5x,0.0,jeromepolin
yaitu,0.0,jeromepolin
harga,0.0,jeromepolin
1000,0.0,jeromepolin
valuasi,0.0,jeromepolin
murah,0.0,jeromepolin
ratio,0.0,jeromepolin
7,0.0,jeromepolin
chemical,0.0,jeromepolin
services,0.0,jeromepolin
apalah,0.0,jeromepolin
bicara,0.0,jeromepolin
buku,0.0,jeromepolin
sahamnya,0.0,jeromepolin
lho,0.0,jeromepolin
silakan,0.0,jeromepolin
dibaca,0.0,jeromepolin
bentar,0.0,jeromepolin
meeting,0.0,jeromepolin
sholat,0.0,jeromepolin
undang,0.0,jeromepolin
bang,0.0,jeromepolin
pembicara,0.0,jeromepolin
webinar,0.0,jeromepolin
yudhamolody,0.0,jeromepolin
dipunyai,0.0,jeromepolin
salam,0.0,jeromepolin
apes,0.0,jeromepolin
boleh,0.0,jeromepolin
analisis,0.0,jeromepolin
share,0.0,jeromepolin
berita,0.0,jeromepolin
disangkut,0.0,jeromepolin
pautin,0.0,jeromepolin
ijin,0.0,jeromepolin
\xf0\x9f\x99\x8f\xf0\x9f\x8f\xbd\xf0\x9f\x99\x8f\xf0\x9f\x8f\xbd\xf0\x9f\x99\x8f\xf0\x9f\x8f\xbd,0.0,jeromepolin
cari,0.0,jeromepolin
lowongan,0.0,jeromepolin
nilai,0.0,jeromepolin
sesuai,0.0,jeromepolin
jika,0.0,jeromepolin
sekelas,0.0,jeromepolin
diperlukan,0.0,jeromepolin
memaksimalkan,0.0,jeromepolin
produksi,0.0,jeromepolin
sumur,0.0,jeromepolin
minyak,0.0,jeromepolin
ambil,0.0,jeromepolin
kembali,0.0,jeromepolin
asing,0.0,jeromepolin
masih,0.0,jeromepolin
mencatatkan,0.0,jeromepolin
laba,0.0,jeromepolin
187,0.0,jeromepolin
milyar,0.0,jeromepolin
q3,0.0,jeromepolin
disaat,0.0,jeromepolin
pandemic,0.0,jeromepolin
19,0.0,jeromepolin
bahkan,0.0,jeromepolin
periode,0.0,jeromepolin
induknya,0.0,jeromepolin
mencatat,0.0,jeromepolin
kerugian,0.0,jeromepolin
disclaimer,0.0,jeromepolin
0,0.0,jeromepolin
7x,0.0,jeromepolin
keuangan,0.0,jeromepolin
kinerja,0.0,jeromepolin
jakarta,0.0,jeromepolin
cerita,0.0,jeromepolin
thank,0.0,jeromepolin
youuu,0.0,jeromepolin
penasaran,0.0,jeromepolin
nonton,0.0,jeromepolin
tayangnya,0.0,jeromepolin
dimana,0.0,jeromepolin
bilangnya,0.0,jeromepolin
bosen,0.0,jeromepolin
deketin,0.0,jeromepolin
kelakuan,0.0,jeromepolin
muda,0.0,jeromepolin
jaman,0.0,jeromepolin
pendek,0.0,jeromepolin
dki,0.0,jeromepolin
tamat,0.0,jeromepolin
yee,0.0,jeromepolin
nyalahin,0.0,jeromepolin
penulisan,0.0,jeromepolin
tahun,0.0,jeromepolin
bener,0.0,jeromepolin
dong,0.0,jeromepolin
susah,0.0,jeromepolin
idup,0.0,jeromepolin
2020,0.0,jeromepolin
karena,0.0,jeromepolin
gampang,0.0,jeromepolin
noted,0.0,jeromepolin
catet,0.0,jeromepolin
okeh,0.0,jeromepolin
ganteng,0.0,jeromepolin
tanpa,0.0,jeromepolin
bukti,0.0,jeromepolin
sesibuk,0.0,jeromepolin
sibuknya,0.0,jeromepolin
dari,0.0,jeromepolin
tetep,0.0,jeromepolin
fast,0.0,jeromepolin
respon,0.0,jeromepolin
bodohnya,0.0,jeromepolin
bakal,0.0,jeromepolin
begitu,0.0,jeromepolin
hehe,0.0,jeromepolin
beneran,0.0,jeromepolin
atau,0.0,jeromepolin
menghindar,0.0,jeromepolin
lindungilah,0.0,jeromepolin
jumat,0.0,jeromepolin
dimudahkan,0.0,jeromepolin
dilancarkan,0.0,jeromepolin
segala,0.0,jeromepolin
urusan,0.0,jeromepolin
enteng,0.0,jeromepolin
semuanya,0.0,jeromepolin
mauuuuuu,0.0,jeromepolin
s21,0.0,jeromepolin
\xf0\x9f\xa4\xb7\xf0\x9f\x8f\xbb\xe2\x80\x8d\xe2\x99\x82\xef\xb8\x8f\xf0\x9f\x98\x8c,0.0,jeromepolin
tulus,0.0,jeromepolin
disangka,0.0,jeromepolin
\xf0\x9f\x99\x8f\xf0\x9f\x8f\xbb,0.0,jeromepolin
lambung,0.0,jeromepolin
referensi,0.0,jeromepolin
perintah,0.0,jeromepolin
jual,0.0,jeromepolin
ato,0.0,jeromepolin
beli,0.0,jeromepolin
bacaan,0.0,jeromepolin
merenung,0.0,jeromepolin
dianalisa,0.0,jeromepolin
bersifat,0.0,jeromepolin
sebagai,0.0,jeromepolin
pertimbangan,0.0,jeromepolin
ataupun,0.0,jeromepolin
untung,0.0,jeromepolin
rugi,0.0,jeromepolin
ditanggung,0.0,jeromepolin
masing,0.0,jeromepolin
pokoknya,0.0,jeromepolin
tanggung,0.0,jeromepolin
jawab,0.0,jeromepolin
sangmology,0.0,jeromepolin
propinsi,0.0,jeromepolin
pdrb,0.0,jeromepolin
terbesar,0.0,jeromepolin
setelah,0.0,jeromepolin
umpan,0.0,jeromepolin
kasih,0.0,jeromepolin
modus,0.0,jeromepolin
terima,0.0,jeromepolin
ah,0.0,jeromepolin
aelah,0.0,jeromepolin
sep,0.0,jeromepolin
ketemu,0.0,jeromepolin
elu,0.0,jeromepolin
marahin,0.0,jeromepolin
minder,0.0,jeromepolin
dia,0.0,jeromepolin
melengkung,0.0,jeromepolin
skip,0.0,jeromepolin
vaksinnya,0.0,jeromepolin
saat,0.0,jeromepolin
kau,0.0,jeromepolin
memutuskan,0.0,jeromepolin
pergi,0.0,jeromepolin
tak,0.0,jeromepolin
menemukan,0.0,jeromepolin
alasan,0.0,jeromepolin
tinggal,0.0,jeromepolin
permisi,0.0,jeromepolin
presiden,0.0,jeromepolin
mohon,0.0,jeromepolin
izin,0.0,jeromepolin
bertanya,0.0,jeromepolin
divaksin,0.0,jeromepolin
550,0.0,jeromepolin
